{
  "mean_kld": 0.014581290073692799,
  "median_kld": 0.012172287330031395,
  "max_kld": 0.05156254023313522,
  "n_prompts": 149,
  "n_tokens_scored": 3387,
  "per_prompt_kld": [
    0.014638306573033333,
    0.011865081265568733,
    0.010516315698623657,
    0.032966066151857376,
    0.013117659837007523,
    0.01121781300753355,
    0.010924049653112888,
    0.012388378381729126,
    0.009190371260046959,
    0.011689973063766956,
    0.010980329476296902,
    0.014585975557565689,
    0.013943211175501347,
    0.01413691695779562,
    0.009563182480633259,
    0.04636814817786217,
    0.033222496509552,
    0.01651724800467491,
    0.020176509395241737,
    0.01630294881761074,
    0.015687504783272743,
    0.02498066984117031,
    0.03609495609998703,
    0.016362013295292854,
    0.011049915105104446,
    0.018082858994603157,
    0.013008399866521358,
    0.018839014694094658,
    0.01304545346647501,
    0.009884379804134369,
    0.00956323929131031,
    0.01025510486215353,
    0.008771941997110844,
    0.025854090228676796,
    0.05156254023313522,
    0.014352606609463692,
    0.013293377123773098,
    0.020241819322109222,
    0.010368327610194683,
    0.009745863266289234,
    0.01777822896838188,
    0.01738988235592842,
    0.015894761309027672,
    0.02022363804280758,
    0.010013769380748272,
    0.00995592586696148,
    0.022075127810239792,
    0.012172287330031395,
    0.015283258631825447,
    0.005428947973996401,
    0.0070344614796340466,
    0.007181586232036352,
    0.0038246861658990383,
    0.007305106148123741,
    0.0070049939677119255,
    0.006199975032359362,
    0.006901529151946306,
    0.006886221468448639,
    0.010319140739738941,
    0.013551244512200356,
    0.007238402962684631,
    0.015452522784471512,
    0.01901979371905327,
    0.007757251616567373,
    0.0058286176063120365,
    0.005680937319993973,
    0.009556849487125874,
    0.011444862000644207,
    0.007412927690893412,
    0.005644520279020071,
    0.0060458858497440815,
    0.00665175449103117,
    0.004179787822067738,
    0.004766764584928751,
    0.010940286330878735,
    0.0072559779509902,
    0.01072775200009346,
    0.008575906977057457,
    0.006825674325227737,
    0.010122057050466537,
    0.008964997716248035,
    0.00893245916813612,
    0.007159935776144266,
    0.0073198615573346615,
    0.0091507313773036,
    0.00672163674607873,
    0.009518175385892391,
    0.006107843481004238,
    0.007078954018652439,
    0.020604189485311508,
    0.012343029491603374,
    0.011655034497380257,
    0.021987562999129295,
    0.010261327028274536,
    0.011071356944739819,
    0.017657306045293808,
    0.025554688647389412,
    0.009244000539183617,
    0.017661163583397865,
    0.029663007706403732,
    0.019570138305425644,
    0.021904591470956802,
    0.01902850903570652,
    0.014464981853961945,
    0.026225918903946877,
    0.016038095578551292,
    0.02433778904378414,
    0.025944601744413376,
    0.014420978724956512,
    0.010235706344246864,
    0.011633777059614658,
    0.025127552449703217,
    0.012030690908432007,
    0.009115676395595074,
    0.014150555245578289,
    0.031543515622615814,
    0.03398081660270691,
    0.022452745586633682,
    0.024629145860671997,
    0.012025195173919201,
    0.012772809714078903,
    0.01142100803554058,
    0.013048424385488033,
    0.02680077776312828,
    0.009597639553248882,
    0.009792421944439411,
    0.006640532519668341,
    0.0240798257291317,
    0.014156274497509003,
    0.02997523546218872,
    0.010819310322403908,
    0.009621571749448776,
    0.018459459766745567,
    0.008119284175336361,
    0.014717485755681992,
    0.012853370048105717,
    0.019673839211463928,
    0.012324371375143528,
    0.008986386470496655,
    0.02876199595630169,
    0.01956738345324993,
    0.007332652807235718,
    0.02548033371567726,
    0.008479282259941101,
    0.015300381928682327,
    0.009726929478347301,
    0.01342744566500187,
    0.027591297402977943,
    0.016657821834087372
  ],
  "per_category_kld": {
    "harmless": 0.01686003990471363,
    "arithmetic": 0.008551503531634808,
    "logic": 0.0076345475390553474,
    "code": 0.018481913954019547,
    "instruction": 0.01676175370812416,
    "factual": 0.015893790870904922
  },
  "top_divergent": [
    {
      "prompt": "What are the main types of cloud computing?",
      "category": "harmless",
      "kld": 0.05156254023313522
    },
    {
      "prompt": "Explain the basics of machine learning.",
      "category": "harmless",
      "kld": 0.04636814817786217
    },
    {
      "prompt": "What are the key features of Python programming?",
      "category": "harmless",
      "kld": 0.03609495609998703
    },
    {
      "prompt": "Write a haiku about autumn.",
      "category": "instruction",
      "kld": 0.03398081660270691
    },
    {
      "prompt": "What are the rules of chess?",
      "category": "harmless",
      "kld": 0.033222496509552
    }
  ]
}