{
  "mean_kld": 1.226689100265503,
  "median_kld": 1.1945089101791382,
  "max_kld": 2.805035352706909,
  "n_prompts": 149,
  "n_tokens_scored": 3347,
  "per_prompt_kld": [
    1.253536581993103,
    0.8281512260437012,
    0.9870979189872742,
    1.0983158349990845,
    1.2008517980575562,
    0.9946177005767822,
    0.8573125004768372,
    1.4088233709335327,
    1.627930760383606,
    1.0530979633331299,
    1.3139816522598267,
    0.8447984457015991,
    0.9282765984535217,
    1.6346632242202759,
    1.1194297075271606,
    0.9043934345245361,
    1.133292317390442,
    1.2127097845077515,
    1.2020299434661865,
    1.2577149868011475,
    2.0318026542663574,
    1.5012232065200806,
    1.030008316040039,
    0.9349969625473022,
    1.0679466724395752,
    1.6107548475265503,
    1.4424710273742676,
    1.1897361278533936,
    1.2588719129562378,
    1.448328971862793,
    1.2048230171203613,
    1.1330540180206299,
    1.0551483631134033,
    1.0446497201919556,
    1.315509557723999,
    1.6570799350738525,
    1.4827972650527954,
    1.5875777006149292,
    1.2514489889144897,
    1.000160813331604,
    1.1328402757644653,
    1.4905240535736084,
    1.3387693166732788,
    1.3171569108963013,
    1.3932732343673706,
    0.9466980695724487,
    1.1565364599227905,
    1.7582319974899292,
    1.0956348180770874,
    1.2795547246932983,
    1.2732653617858887,
    1.2991329431533813,
    0.8743884563446045,
    1.4323954582214355,
    0.8893561363220215,
    0.7558026909828186,
    1.557921290397644,
    1.1787476539611816,
    1.497398018836975,
    1.0710277557373047,
    0.95073401927948,
    1.482698678970337,
    0.9250214695930481,
    1.639487385749817,
    1.5882148742675781,
    0.7240334749221802,
    0.9424716830253601,
    0.6688053607940674,
    1.0219327211380005,
    1.0744527578353882,
    1.5746269226074219,
    1.2206007242202759,
    0.7916797995567322,
    0.7805594801902771,
    1.0606753826141357,
    1.3907660245895386,
    1.5779476165771484,
    0.8571212291717529,
    1.5718036890029907,
    0.8686195015907288,
    1.0377824306488037,
    1.0550389289855957,
    0.9991517066955566,
    1.6091481447219849,
    1.118059515953064,
    0.9069980978965759,
    0.8124569058418274,
    1.1603713035583496,
    0.9231033325195312,
    1.2468652725219727,
    1.3783622980117798,
    1.6088662147521973,
    1.6643426418304443,
    1.4622520208358765,
    1.9669456481933594,
    2.0490124225616455,
    1.7643842697143555,
    1.6433489322662354,
    1.8875685930252075,
    2.204087257385254,
    1.143433690071106,
    1.4678728580474854,
    1.5229254961013794,
    1.759758710861206,
    0.8944799900054932,
    2.805035352706909,
    1.4456372261047363,
    1.3844178915023804,
    0.9265617728233337,
    1.1784249544143677,
    1.114515781402588,
    0.7325829863548279,
    0.7796280384063721,
    1.0721948146820068,
    0.7264309525489807,
    1.2180508375167847,
    1.8211863040924072,
    1.2167012691497803,
    1.1945089101791382,
    1.110799789428711,
    1.005104422569275,
    1.3341481685638428,
    0.7257034182548523,
    0.8209242224693298,
    0.9097625017166138,
    1.324970006942749,
    0.763526439666748,
    1.2126471996307373,
    1.2128263711929321,
    0.6916955709457397,
    0.757999062538147,
    0.9941385984420776,
    0.8250957131385803,
    0.8293079733848572,
    1.1676607131958008,
    1.135588526725769,
    0.8655969500541687,
    1.2357921600341797,
    0.8790856599807739,
    1.1367038488388062,
    1.7300200462341309,
    1.2092256546020508,
    1.511771321296692,
    1.4741501808166504,
    1.3356916904449463,
    1.3787447214126587,
    1.2689414024353027,
    0.9720999002456665,
    1.4941357374191284
  ],
  "per_category_kld": {
    "harmless": 1.2395731210708618,
    "arithmetic": 1.1526196002960205,
    "logic": 1.1195480823516846,
    "code": 1.6113078594207764,
    "instruction": 1.0737318992614746,
    "factual": 1.1446722745895386
  },
  "top_divergent": [
    {
      "prompt": "Write a function to find the longest common prefix of a list of strings.",
      "category": "code",
      "kld": 2.805035352706909
    },
    {
      "prompt": "Write a Python function to flatten a nested list of arbitrary depth.",
      "category": "code",
      "kld": 2.204087257385254
    },
    {
      "prompt": "Write a function that returns the Fibonacci number at position n.",
      "category": "code",
      "kld": 2.0490124225616455
    },
    {
      "prompt": "How do I plant and maintain a vegetable garden?",
      "category": "harmless",
      "kld": 2.0318026542663574
    },
    {
      "prompt": "Write a Python function to compute the factorial of n recursively.",
      "category": "code",
      "kld": 1.9669456481933594
    }
  ]
}