{
  "mean_kld": 0.44388842582702637,
  "median_kld": 0.40595442056655884,
  "max_kld": 1.1756054162979126,
  "n_prompts": 149,
  "n_tokens_scored": 3347,
  "per_prompt_kld": [
    0.6029800772666931,
    0.6699041724205017,
    0.38982316851615906,
    0.6040966510772705,
    0.7160136699676514,
    0.40595442056655884,
    0.9472391605377197,
    0.5876320004463196,
    0.414447546005249,
    1.0694252252578735,
    0.7759926319122314,
    0.48530805110931396,
    0.8992135524749756,
    0.6117138266563416,
    0.3583088517189026,
    0.9368668794631958,
    0.6794698238372803,
    0.3309329152107239,
    1.1756054162979126,
    0.5581459999084473,
    0.33599185943603516,
    0.8199859261512756,
    0.5058385133743286,
    0.22049202024936676,
    0.7114677429199219,
    0.8081302046775818,
    0.7441135048866272,
    0.7013437151908875,
    0.797635018825531,
    0.3701087236404419,
    0.740615963935852,
    0.6297195553779602,
    0.37654373049736023,
    0.8768230676651001,
    0.47089895606040955,
    0.5330221056938171,
    0.4716031849384308,
    0.7656301856040955,
    0.3986675441265106,
    0.773139476776123,
    0.7040844559669495,
    0.3435702323913574,
    0.8252056837081909,
    0.6968638896942139,
    0.43016573786735535,
    0.7732482552528381,
    0.766811728477478,
    0.3498266041278839,
    0.6438184380531311,
    0.15821057558059692,
    0.4187121093273163,
    0.3538028299808502,
    0.25060200691223145,
    0.14438411593437195,
    0.2729443311691284,
    0.15362663567066193,
    0.2779587507247925,
    0.24715885519981384,
    0.3021136224269867,
    0.18402405083179474,
    0.4929777681827545,
    0.14860385656356812,
    0.17570504546165466,
    0.19557912647724152,
    0.22810404002666473,
    0.22540010511875153,
    0.2500850558280945,
    0.14225588738918304,
    0.13857731223106384,
    0.16455046832561493,
    0.20807963609695435,
    0.18884284794330597,
    0.15882261097431183,
    0.19300317764282227,
    0.3560417592525482,
    0.1704600751399994,
    0.16122929751873016,
    0.1274215281009674,
    0.14336372911930084,
    0.13669618964195251,
    0.15853029489517212,
    0.44825461506843567,
    0.14114399254322052,
    0.13664713501930237,
    0.11757741868495941,
    0.11774016171693802,
    0.13941895961761475,
    0.13216745853424072,
    0.19292111694812775,
    0.8064493536949158,
    0.7123902440071106,
    0.718949019908905,
    0.7650057077407837,
    0.7298059463500977,
    0.5990371704101562,
    0.6979832053184509,
    0.7852793335914612,
    0.5176495909690857,
    0.8851278424263,
    0.6025417447090149,
    0.5767818093299866,
    0.6921902894973755,
    0.6103907823562622,
    0.6229845285415649,
    0.08396688103675842,
    0.5874788761138916,
    0.596423327922821,
    0.45837733149528503,
    0.12350523471832275,
    0.4667488932609558,
    0.24956659972667694,
    0.24263106286525726,
    0.18362808227539062,
    0.43796271085739136,
    0.42608702182769775,
    0.2238239198923111,
    0.8628900647163391,
    0.34007829427719116,
    0.1891489326953888,
    0.16596591472625732,
    0.19263318181037903,
    0.3586363196372986,
    0.5430120825767517,
    0.256682425737381,
    0.09333761781454086,
    0.7190108299255371,
    0.14909936487674713,
    0.15138749778270721,
    0.13104617595672607,
    0.36295974254608154,
    0.25682756304740906,
    0.362444132566452,
    0.4085904657840729,
    0.3881857097148895,
    0.503005862236023,
    0.6531239151954651,
    0.5292047262191772,
    0.6965617537498474,
    0.5271669030189514,
    0.21988900005817413,
    0.8420462012290955,
    0.3525565266609192,
    0.3761717677116394,
    0.34115609526634216,
    0.6139331459999084,
    0.4111105501651764,
    0.16902025043964386,
    0.20821356773376465,
    0.2033347636461258
  ],
  "per_category_kld": {
    "harmless": 0.6286620497703552,
    "arithmetic": 0.23804132640361786,
    "logic": 0.1796456277370453,
    "code": 0.6086159348487854,
    "instruction": 0.3191688656806946,
    "factual": 0.42127513885498047
  },
  "top_divergent": [
    {
      "prompt": "Explain how the internet works at a high level.",
      "category": "harmless",
      "kld": 1.1756054162979126
    },
    {
      "prompt": "Explain the water cycle in detail.",
      "category": "harmless",
      "kld": 1.0694252252578735
    },
    {
      "prompt": "Explain the difference between DNA and RNA.",
      "category": "harmless",
      "kld": 0.9472391605377197
    },
    {
      "prompt": "Explain the basics of machine learning.",
      "category": "harmless",
      "kld": 0.9368668794631958
    },
    {
      "prompt": "Explain the process of photosynthesis in plants.",
      "category": "harmless",
      "kld": 0.8992135524749756
    }
  ]
}