{
  "mean_kld": 0.31641003489494324,
  "median_kld": 0.27414318919181824,
  "max_kld": 0.9847919344902039,
  "n_prompts": 149,
  "n_tokens_scored": 3347,
  "per_prompt_kld": [
    0.4969830811023712,
    0.29025688767433167,
    0.33984020352363586,
    0.48247843980789185,
    0.36674579977989197,
    0.2960168421268463,
    0.67347651720047,
    0.2805823087692261,
    0.4040035903453827,
    0.9069297313690186,
    0.46156373620033264,
    0.20915600657463074,
    0.726564884185791,
    0.25689396262168884,
    0.4345020651817322,
    0.8938387632369995,
    0.31571143865585327,
    0.35042551159858704,
    0.9847919344902039,
    0.38939183950424194,
    0.386161744594574,
    0.6360383629798889,
    0.26553794741630554,
    0.21021705865859985,
    0.5666829347610474,
    0.4658128023147583,
    0.5053972601890564,
    0.5012092590332031,
    0.3823947310447693,
    0.25501108169555664,
    0.7266843914985657,
    0.3155212998390198,
    0.3537968695163727,
    0.6813199520111084,
    0.22978663444519043,
    0.5451272130012512,
    0.3200990855693817,
    0.3761325478553772,
    0.3082120418548584,
    0.6366452574729919,
    0.2956010103225708,
    0.19324691593647003,
    0.6513612866401672,
    0.32547804713249207,
    0.3823605179786682,
    0.5641430020332336,
    0.32844963669776917,
    0.31581610441207886,
    0.5713943243026733,
    0.1060587540268898,
    0.3216560482978821,
    0.24937348067760468,
    0.2995307743549347,
    0.06769855320453644,
    0.19137533009052277,
    0.09500659257173538,
    0.1613447070121765,
    0.15069912374019623,
    0.19859710335731506,
    0.10895513743162155,
    0.27414318919181824,
    0.1271887868642807,
    0.1401941478252411,
    0.1262124925851822,
    0.14136552810668945,
    0.24804507195949554,
    0.13399823009967804,
    0.11770287156105042,
    0.12533687055110931,
    0.1421830952167511,
    0.11970452964305878,
    0.11974947154521942,
    0.1881120651960373,
    0.12372728437185287,
    0.30818963050842285,
    0.10518137365579605,
    0.21633847057819366,
    0.13650695979595184,
    0.25894615054130554,
    0.12973423302173615,
    0.17098753154277802,
    0.34037667512893677,
    0.08823473751544952,
    0.19053804874420166,
    0.10314551740884781,
    0.07578422129154205,
    0.1061907634139061,
    0.09506846964359283,
    0.16845257580280304,
    0.585894763469696,
    0.5041676759719849,
    0.6425991058349609,
    0.5263291001319885,
    0.5658423900604248,
    0.43942832946777344,
    0.6037167906761169,
    0.5544209480285645,
    0.3774956166744232,
    0.5869344472885132,
    0.4484679102897644,
    0.4176289439201355,
    0.45141857862472534,
    0.4568195044994354,
    0.4356333017349243,
    0.06328722834587097,
    0.45266056060791016,
    0.43807971477508545,
    0.4036547541618347,
    0.13513799011707306,
    0.22915838658809662,
    0.16003166139125824,
    0.15084803104400635,
    0.11905225366353989,
    0.2724260687828064,
    0.28738683462142944,
    0.12203406542539597,
    0.6174846887588501,
    0.1582658886909485,
    0.1339438259601593,
    0.12788338959217072,
    0.26413530111312866,
    0.23594307899475098,
    0.5732132196426392,
    0.20467999577522278,
    0.06282386183738708,
    0.5651803016662598,
    0.17011766135692596,
    0.09581899642944336,
    0.09614259004592896,
    0.30558618903160095,
    0.13004449009895325,
    0.21879467368125916,
    0.26080581545829773,
    0.20511764287948608,
    0.2184692919254303,
    0.4777560830116272,
    0.44283103942871094,
    0.27304935455322266,
    0.27343279123306274,
    0.12173586338758469,
    0.5728011131286621,
    0.216633141040802,
    0.19262103736400604,
    0.1698065549135208,
    0.30645281076431274,
    0.27637872099876404,
    0.0957220271229744,
    0.10480605810880661,
    0.11864028871059418
  ],
  "per_category_kld": {
    "harmless": 0.44603654742240906,
    "arithmetic": 0.16922414302825928,
    "logic": 0.15935757756233215,
    "code": 0.4544808864593506,
    "instruction": 0.23232850432395935,
    "factual": 0.24907425045967102
  },
  "top_divergent": [
    {
      "prompt": "Explain how the internet works at a high level.",
      "category": "harmless",
      "kld": 0.9847919344902039
    },
    {
      "prompt": "Explain the water cycle in detail.",
      "category": "harmless",
      "kld": 0.9069297313690186
    },
    {
      "prompt": "Explain the basics of machine learning.",
      "category": "harmless",
      "kld": 0.8938387632369995
    },
    {
      "prompt": "Explain the nitrogen cycle in ecology.",
      "category": "harmless",
      "kld": 0.7266843914985657
    },
    {
      "prompt": "Explain the process of photosynthesis in plants.",
      "category": "harmless",
      "kld": 0.726564884185791
    }
  ]
}