{
  "mean_kld": 0.39755767583847046,
  "median_kld": 0.36603471636772156,
  "max_kld": 1.121657133102417,
  "n_prompts": 149,
  "n_tokens_scored": 3347,
  "per_prompt_kld": [
    0.5718954801559448,
    0.4736591875553131,
    0.36603471636772156,
    0.532054603099823,
    0.4882856607437134,
    0.3516765236854553,
    0.8027682900428772,
    0.4445553421974182,
    0.5106556415557861,
    1.028144359588623,
    0.6583687663078308,
    0.2689304053783417,
    0.8556635975837708,
    0.38632115721702576,
    0.41560614109039307,
    0.958909273147583,
    0.41385552287101746,
    0.34110227227211,
    1.121657133102417,
    0.47086772322654724,
    0.4109437167644501,
    0.7600587010383606,
    0.42678797245025635,
    0.23229369521141052,
    0.640695333480835,
    0.6689871549606323,
    0.5843579769134521,
    0.6256468296051025,
    0.5844811201095581,
    0.33382269740104675,
    0.7803377509117126,
    0.4433845579624176,
    0.39306899905204773,
    0.7756945490837097,
    0.33047136664390564,
    0.548345148563385,
    0.3044939339160919,
    0.7140666246414185,
    0.4006551206111908,
    0.7007216215133667,
    0.4664936661720276,
    0.22189542651176453,
    0.7413849830627441,
    0.5076805949211121,
    0.41655951738357544,
    0.6502605676651001,
    0.4793776273727417,
    0.3295888304710388,
    0.6465604901313782,
    0.16078998148441315,
    0.429914265871048,
    0.3783021569252014,
    0.29932597279548645,
    0.11409015953540802,
    0.2632867991924286,
    0.1429058164358139,
    0.2507624626159668,
    0.22320452332496643,
    0.30381307005882263,
    0.14838549494743347,
    0.47199419140815735,
    0.18974937498569489,
    0.18563613295555115,
    0.14971444010734558,
    0.19046944379806519,
    0.3259011507034302,
    0.24202172458171844,
    0.14186614751815796,
    0.17072300612926483,
    0.16155065596103668,
    0.16654130816459656,
    0.15950444340705872,
    0.23105883598327637,
    0.19412115216255188,
    0.41083812713623047,
    0.18158544600009918,
    0.2436239868402481,
    0.15818804502487183,
    0.26283589005470276,
    0.13435950875282288,
    0.2688067853450775,
    0.43140697479248047,
    0.1451919823884964,
    0.1925681233406067,
    0.1107482984662056,
    0.09514255821704865,
    0.16556189954280853,
    0.12524309754371643,
    0.19109053909778595,
    0.6497049927711487,
    0.6235252022743225,
    0.7145381569862366,
    0.6325173377990723,
    0.7046217322349548,
    0.512360155582428,
    0.673714816570282,
    0.6629812121391296,
    0.4630739390850067,
    0.7213504910469055,
    0.5667544007301331,
    0.4971836805343628,
    0.563441276550293,
    0.5411250591278076,
    0.528499960899353,
    0.07452528923749924,
    0.5630812048912048,
    0.5191044807434082,
    0.47864198684692383,
    0.13879738748073578,
    0.3206278085708618,
    0.1902274787425995,
    0.18073688447475433,
    0.16073797643184662,
    0.43461474776268005,
    0.3807935118675232,
    0.1698952168226242,
    0.7840576767921448,
    0.2071809023618698,
    0.18896333873271942,
    0.1867138147354126,
    0.3329026699066162,
    0.30629387497901917,
    0.6258658170700073,
    0.3334604501724243,
    0.07875319570302963,
    0.7262320518493652,
    0.19755683839321136,
    0.13420528173446655,
    0.13716326653957367,
    0.5245787501335144,
    0.2126578837633133,
    0.36261850595474243,
    0.39068567752838135,
    0.309384822845459,
    0.3048347234725952,
    0.5985125303268433,
    0.4975127577781677,
    0.45313236117362976,
    0.2963256239891052,
    0.24926188588142395,
    0.7104644775390625,
    0.27176496386528015,
    0.2246215045452118,
    0.27336445450782776,
    0.36112338304519653,
    0.4025692343711853,
    0.1310315728187561,
    0.19175048172473907,
    0.17041729390621185
  ],
  "per_category_kld": {
    "harmless": 0.5424516201019287,
    "arithmetic": 0.23914280533790588,
    "logic": 0.2014983892440796,
    "code": 0.5414772033691406,
    "instruction": 0.30384913086891174,
    "factual": 0.3468306064605713
  },
  "top_divergent": [
    {
      "prompt": "Explain how the internet works at a high level.",
      "category": "harmless",
      "kld": 1.121657133102417
    },
    {
      "prompt": "Explain the water cycle in detail.",
      "category": "harmless",
      "kld": 1.028144359588623
    },
    {
      "prompt": "Explain the basics of machine learning.",
      "category": "harmless",
      "kld": 0.958909273147583
    },
    {
      "prompt": "Explain the process of photosynthesis in plants.",
      "category": "harmless",
      "kld": 0.8556635975837708
    },
    {
      "prompt": "Explain the difference between DNA and RNA.",
      "category": "harmless",
      "kld": 0.8027682900428772
    }
  ]
}