{
  "mean_kld": 1.2361804246902466,
  "median_kld": 1.2243342399597168,
  "max_kld": 2.345350742340088,
  "n_prompts": 149,
  "n_tokens_scored": 3347,
  "per_prompt_kld": [
    1.6762722730636597,
    1.2653306722640991,
    1.1856796741485596,
    1.503982424736023,
    1.4744139909744263,
    1.272905945777893,
    1.8071993589401245,
    1.8027796745300293,
    1.4617620706558228,
    2.2079124450683594,
    1.6139346361160278,
    1.3467615842819214,
    1.6743940114974976,
    1.6708430051803589,
    0.9566028118133545,
    1.9163157939910889,
    1.535494089126587,
    1.3992640972137451,
    1.9496248960494995,
    1.4777913093566895,
    1.6213003396987915,
    1.6910449266433716,
    1.720453143119812,
    1.2410610914230347,
    1.3253132104873657,
    1.9651029109954834,
    2.04773211479187,
    1.5213984251022339,
    2.1912386417388916,
    1.4261207580566406,
    1.6402103900909424,
    1.2275028228759766,
    1.3699125051498413,
    2.345350742340088,
    1.5435270071029663,
    1.6010911464691162,
    1.3956342935562134,
    1.726148247718811,
    1.8882992267608643,
    1.860655665397644,
    1.717791199684143,
    1.3600317239761353,
    2.1702425479888916,
    1.8165088891983032,
    1.2318929433822632,
    1.7449991703033447,
    2.0537664890289307,
    1.3997058868408203,
    1.7441651821136475,
    0.5185492038726807,
    0.9620057344436646,
    1.0652803182601929,
    1.0902559757232666,
    0.6778380274772644,
    0.792001485824585,
    0.47924134135246277,
    1.0881373882293701,
    0.5762597918510437,
    1.3381249904632568,
    0.5502845048904419,
    1.2165327072143555,
    0.7099446654319763,
    0.543455958366394,
    1.3244731426239014,
    1.130334496498108,
    0.3348052501678467,
    1.0223748683929443,
    0.7804399132728577,
    0.6706802845001221,
    0.7705850005149841,
    0.621361494064331,
    0.8304567337036133,
    0.6278275847434998,
    0.4705193042755127,
    1.2243342399597168,
    0.814866304397583,
    0.646956205368042,
    0.7565269470214844,
    0.8741282820701599,
    0.7360878586769104,
    0.9933820962905884,
    0.8854458332061768,
    0.5036846399307251,
    0.5619292259216309,
    0.7234598398208618,
    0.6139322519302368,
    0.7586103081703186,
    0.9174937009811401,
    0.670451283454895,
    1.2779271602630615,
    1.0157963037490845,
    1.5725449323654175,
    1.5067507028579712,
    1.3099561929702759,
    1.213379979133606,
    1.548909306526184,
    1.81428062915802,
    1.2188382148742676,
    2.1377789974212646,
    1.4518017768859863,
    1.0209025144577026,
    1.1809252500534058,
    1.336382508277893,
    1.126542329788208,
    0.7378104329109192,
    1.587138056755066,
    1.2178393602371216,
    0.9349590539932251,
    0.8569953441619873,
    0.729308545589447,
    1.081856608390808,
    1.3472180366516113,
    1.089127540588379,
    0.8620637655258179,
    1.2576258182525635,
    0.8147260546684265,
    1.9577250480651855,
    1.3570091724395752,
    1.0476417541503906,
    0.9293908476829529,
    0.4585275650024414,
    0.5826530456542969,
    1.6262785196304321,
    0.760080873966217,
    0.5825684666633606,
    1.7600456476211548,
    0.9588948488235474,
    1.0004099607467651,
    0.8787018656730652,
    1.2190865278244019,
    0.7730807662010193,
    1.0905096530914307,
    0.9422780275344849,
    0.9814313650131226,
    1.5229294300079346,
    1.8185803890228271,
    1.348907470703125,
    1.2383291721343994,
    1.6064071655273438,
    1.0089908838272095,
    2.0816593170166016,
    0.9485059380531311,
    1.3802863359451294,
    1.4739649295806885,
    1.9880913496017456,
    1.1262362003326416,
    0.9006029963493347,
    0.9250800609588623,
    1.0061030387878418
  ],
  "per_category_kld": {
    "harmless": 1.6283156871795654,
    "arithmetic": 0.8435510396957397,
    "logic": 0.7501019239425659,
    "code": 1.3033729791641235,
    "instruction": 1.0540926456451416,
    "factual": 1.2690531015396118
  },
  "top_divergent": [
    {
      "prompt": "Explain the periodic table of elements.",
      "category": "harmless",
      "kld": 2.345350742340088
    },
    {
      "prompt": "Explain the water cycle in detail.",
      "category": "harmless",
      "kld": 2.2079124450683594
    },
    {
      "prompt": "What are the fundamentals of graphic design?",
      "category": "harmless",
      "kld": 2.1912386417388916
    },
    {
      "prompt": "Explain the process of democratic elections.",
      "category": "harmless",
      "kld": 2.1702425479888916
    },
    {
      "prompt": "Write a regex to match valid email addresses.",
      "category": "code",
      "kld": 2.1377789974212646
    }
  ]
}