{
  "mean_kld": 0.4254642426967621,
  "median_kld": 0.36219146847724915,
  "max_kld": 1.02179753780365,
  "n_prompts": 149,
  "n_tokens_scored": 3347,
  "per_prompt_kld": [
    0.5587203502655029,
    0.5746014714241028,
    0.32489389181137085,
    0.6069193482398987,
    0.5557063221931458,
    0.31653791666030884,
    0.8461537957191467,
    0.5122299194335938,
    0.34384530782699585,
    0.9985828399658203,
    0.6682766079902649,
    0.39756426215171814,
    0.860729455947876,
    0.5392513275146484,
    0.27271607518196106,
    0.8789211511611938,
    0.6190780401229858,
    0.2829362452030182,
    1.02179753780365,
    0.5401440858840942,
    0.27033644914627075,
    0.7716116309165955,
    0.4536192715167999,
    0.21292942762374878,
    0.7358823418617249,
    0.6892378330230713,
    0.6493890881538391,
    0.6991029381752014,
    0.6447004079818726,
    0.33708620071411133,
    0.7401912212371826,
    0.5932222008705139,
    0.3011046051979065,
    0.8362275958061218,
    0.4553779661655426,
    0.3774847090244293,
    0.352520614862442,
    0.7176424860954285,
    0.3014090061187744,
    0.8026744723320007,
    0.5583270192146301,
    0.26347818970680237,
    0.7942031621932983,
    0.5609400868415833,
    0.3726443946361542,
    0.7922157049179077,
    0.6636979579925537,
    0.24187974631786346,
    0.6760621070861816,
    0.14747254550457,
    0.4036008417606354,
    0.3603270649909973,
    0.2231365591287613,
    0.15526984632015228,
    0.22238345444202423,
    0.1577158421278,
    0.2900753617286682,
    0.2910985052585602,
    0.2845684289932251,
    0.12770241498947144,
    0.40763333439826965,
    0.154763862490654,
    0.1752631813287735,
    0.2120816558599472,
    0.22299766540527344,
    0.20286819338798523,
    0.29329434037208557,
    0.1549377143383026,
    0.12598687410354614,
    0.15846368670463562,
    0.16894647479057312,
    0.202540785074234,
    0.14057081937789917,
    0.2091539055109024,
    0.30106016993522644,
    0.1539606750011444,
    0.10306054353713989,
    0.09765394777059555,
    0.11018534004688263,
    0.09099270403385162,
    0.1510593146085739,
    0.38155603408813477,
    0.14491602778434753,
    0.10579423606395721,
    0.11585536599159241,
    0.11895132809877396,
    0.11890605092048645,
    0.11958710104227066,
    0.16948220133781433,
    0.8760861754417419,
    0.7843543291091919,
    0.8619547486305237,
    0.7402352094650269,
    0.7459576725959778,
    0.6944936513900757,
    0.7554262280464172,
    0.8016005158424377,
    0.6113703846931458,
    0.9811272025108337,
    0.691146194934845,
    0.6821258068084717,
    0.7188867330551147,
    0.6866993308067322,
    0.6826939582824707,
    0.08023528009653091,
    0.6436051726341248,
    0.6726700067520142,
    0.5117402672767639,
    0.10314132273197174,
    0.5061627626419067,
    0.2063034176826477,
    0.24976859986782074,
    0.15849530696868896,
    0.4633979797363281,
    0.42401108145713806,
    0.2165878713130951,
    0.9200641512870789,
    0.27093660831451416,
    0.1842406839132309,
    0.1378381997346878,
    0.2588563561439514,
    0.3897166848182678,
    0.5316802859306335,
    0.2681123912334442,
    0.09778305888175964,
    0.8234383463859558,
    0.15993233025074005,
    0.24957364797592163,
    0.13791686296463013,
    0.41315531730651855,
    0.2911778688430786,
    0.35837334394454956,
    0.4248616099357605,
    0.36219146847724915,
    0.45086753368377686,
    0.6390275359153748,
    0.47433367371559143,
    0.5993220210075378,
    0.5024872422218323,
    0.23179037868976593,
    0.7828088402748108,
    0.3557238280773163,
    0.25805482268333435,
    0.3197949528694153,
    0.5854313373565674,
    0.42609837651252747,
    0.1513575315475464,
    0.23312249779701233,
    0.1931418478488922
  ],
  "per_category_kld": {
    "harmless": 0.5629552602767944,
    "arithmetic": 0.2306588888168335,
    "logic": 0.1581348329782486,
    "code": 0.6662775278091431,
    "instruction": 0.332740843296051,
    "factual": 0.40265607833862305
  },
  "top_divergent": [
    {
      "prompt": "Explain how the internet works at a high level.",
      "category": "harmless",
      "kld": 1.02179753780365
    },
    {
      "prompt": "Explain the water cycle in detail.",
      "category": "harmless",
      "kld": 0.9985828399658203
    },
    {
      "prompt": "Write a regex to match valid email addresses.",
      "category": "code",
      "kld": 0.9811272025108337
    },
    {
      "prompt": "Write a haiku about autumn.",
      "category": "instruction",
      "kld": 0.9200641512870789
    },
    {
      "prompt": "Explain the basics of machine learning.",
      "category": "harmless",
      "kld": 0.8789211511611938
    }
  ]
}