{
  "mean_kld": 0.33633118867874146,
  "median_kld": 0.27018076181411743,
  "max_kld": 1.0499297380447388,
  "n_prompts": 149,
  "n_tokens_scored": 3347,
  "per_prompt_kld": [
    0.4843452274799347,
    0.3461225926876068,
    0.24744375050067902,
    0.49322089552879333,
    0.3549373745918274,
    0.2845660448074341,
    0.7259560823440552,
    0.3415890038013458,
    0.27047964930534363,
    0.9939131736755371,
    0.5920081734657288,
    0.2567557990550995,
    0.7811046242713928,
    0.4229968190193176,
    0.18070822954177856,
    0.7930002212524414,
    0.3459383249282837,
    0.16896437108516693,
    1.0499297380447388,
    0.36739063262939453,
    0.21941250562667847,
    0.7429044246673584,
    0.3112510144710541,
    0.16258835792541504,
    0.6015098690986633,
    0.6121038198471069,
    0.4689600467681885,
    0.5531380772590637,
    0.47475937008857727,
    0.30897602438926697,
    0.7085095047950745,
    0.38949814438819885,
    0.1722036451101303,
    0.7314441204071045,
    0.2837722897529602,
    0.2910950481891632,
    0.41583654284477234,
    0.4132721722126007,
    0.22138629853725433,
    0.6856297254562378,
    0.48188939690589905,
    0.22212158143520355,
    0.7189618945121765,
    0.4531347453594208,
    0.27149030566215515,
    0.6410675048828125,
    0.4401722550392151,
    0.14138762652873993,
    0.535293698310852,
    0.10227850079536438,
    0.31794819235801697,
    0.22467799484729767,
    0.16025178134441376,
    0.08512214571237564,
    0.20707114040851593,
    0.09898547828197479,
    0.18765787780284882,
    0.0991147980093956,
    0.22506721317768097,
    0.11191920191049576,
    0.3654966950416565,
    0.08186410367488861,
    0.12763653695583344,
    0.11808926612138748,
    0.1715032309293747,
    0.17501434683799744,
    0.17621886730194092,
    0.10912050306797028,
    0.09504196792840958,
    0.1307944804430008,
    0.10676855593919754,
    0.11766508966684341,
    0.13454529643058777,
    0.1681772917509079,
    0.31532609462738037,
    0.09366663545370102,
    0.12468156963586807,
    0.07221268117427826,
    0.09071047604084015,
    0.06710971891880035,
    0.1284026950597763,
    0.3666176497936249,
    0.09054647386074066,
    0.09925319999456406,
    0.0757613256573677,
    0.06702901422977448,
    0.1017996072769165,
    0.07663655281066895,
    0.11526805907487869,
    0.6574724316596985,
    0.6475021839141846,
    0.6711137890815735,
    0.6548970937728882,
    0.6825973987579346,
    0.556610107421875,
    0.5986886024475098,
    0.6418077945709229,
    0.4478049874305725,
    0.7445815801620483,
    0.5695368647575378,
    0.5313281416893005,
    0.6222873330116272,
    0.5849299430847168,
    0.5660978555679321,
    0.05474989488720894,
    0.5736005902290344,
    0.5514925122261047,
    0.3961108922958374,
    0.09074023365974426,
    0.33397185802459717,
    0.1498047113418579,
    0.1753876805305481,
    0.15717217326164246,
    0.23892325162887573,
    0.29426658153533936,
    0.15154173970222473,
    0.8452783226966858,
    0.1967179775238037,
    0.16552774608135223,
    0.11188115179538727,
    0.20668819546699524,
    0.2455504983663559,
    0.5406860113143921,
    0.22038671374320984,
    0.06459485739469528,
    0.6934880614280701,
    0.12281187623739243,
    0.11802291125059128,
    0.11282474547624588,
    0.5823142528533936,
    0.16519351303577423,
    0.25863099098205566,
    0.27018076181411743,
    0.27810046076774597,
    0.24034875631332397,
    0.5395311117172241,
    0.35315585136413574,
    0.468877375125885,
    0.36399561166763306,
    0.2662654519081116,
    0.6640808582305908,
    0.2646923065185547,
    0.20967194437980652,
    0.2014891654253006,
    0.26717740297317505,
    0.34460487961769104,
    0.11245837807655334,
    0.14696942269802094,
    0.1679375022649765
  ],
  "per_category_kld": {
    "harmless": 0.4525538980960846,
    "arithmetic": 0.1620040088891983,
    "logic": 0.1271485984325409,
    "code": 0.542197585105896,
    "instruction": 0.25727635622024536,
    "factual": 0.3082837760448456
  },
  "top_divergent": [
    {
      "prompt": "Explain how the internet works at a high level.",
      "category": "harmless",
      "kld": 1.0499297380447388
    },
    {
      "prompt": "Explain the water cycle in detail.",
      "category": "harmless",
      "kld": 0.9939131736755371
    },
    {
      "prompt": "Write a haiku about autumn.",
      "category": "instruction",
      "kld": 0.8452783226966858
    },
    {
      "prompt": "Explain the basics of machine learning.",
      "category": "harmless",
      "kld": 0.7930002212524414
    },
    {
      "prompt": "Explain the process of photosynthesis in plants.",
      "category": "harmless",
      "kld": 0.7811046242713928
    }
  ]
}