{
  "mean_kld": 1.0557345151901245,
  "median_kld": 1.0595530271530151,
  "max_kld": 1.972650408744812,
  "n_prompts": 149,
  "n_tokens_scored": 3347,
  "per_prompt_kld": [
    1.4553719758987427,
    1.1763283014297485,
    0.9944049715995789,
    1.279205322265625,
    1.4538172483444214,
    1.1014589071273804,
    1.4699382781982422,
    1.7312321662902832,
    1.2779011726379395,
    1.8005318641662598,
    1.449334740638733,
    1.1575736999511719,
    1.4540786743164062,
    1.442575454711914,
    0.8686243295669556,
    1.544473648071289,
    1.5929782390594482,
    1.261949896812439,
    1.8160868883132935,
    1.445759892463684,
    1.21751868724823,
    1.2907122373580933,
    1.6900097131729126,
    1.0081149339675903,
    1.185528039932251,
    1.6433111429214478,
    1.7408266067504883,
    1.2289197444915771,
    1.972650408744812,
    1.135619878768921,
    1.2542253732681274,
    1.2041361331939697,
    1.2945741415023804,
    1.7596256732940674,
    1.40923011302948,
    1.31584894657135,
    1.2557801008224487,
    1.6561280488967896,
    1.6076856851577759,
    1.5480611324310303,
    1.4748390913009644,
    1.1444915533065796,
    1.6479790210723877,
    1.6597727537155151,
    1.0604006052017212,
    1.5019882917404175,
    1.7437553405761719,
    1.2112418413162231,
    1.403251051902771,
    0.45195165276527405,
    0.761773943901062,
    0.8479978442192078,
    0.870579183101654,
    0.48763203620910645,
    0.6901736259460449,
    0.5067960619926453,
    0.9617765545845032,
    0.5337578654289246,
    1.3519597053527832,
    0.48953694105148315,
    0.9927998781204224,
    0.6188815236091614,
    0.4297543168067932,
    1.1232006549835205,
    0.8475930094718933,
    0.31393346190452576,
    0.8326486945152283,
    0.6052680611610413,
    0.507943332195282,
    0.6352647542953491,
    0.5727012753486633,
    0.7169218063354492,
    0.5218892097473145,
    0.40318313241004944,
    1.1112096309661865,
    0.5945497751235962,
    0.5157386660575867,
    0.5462726354598999,
    0.7125990390777588,
    0.5869686007499695,
    0.7655112147331238,
    0.8025721907615662,
    0.43574240803718567,
    0.46191415190696716,
    0.6390248537063599,
    0.48955798149108887,
    0.6505781412124634,
    0.7762225270271301,
    0.6209331154823303,
    1.1107362508773804,
    0.9207113981246948,
    1.4445269107818604,
    1.2646182775497437,
    1.1680389642715454,
    1.058194637298584,
    1.2187190055847168,
    1.5184192657470703,
    1.0810683965682983,
    1.8625141382217407,
    1.3082941770553589,
    0.8916091918945312,
    1.1255782842636108,
    1.253515601158142,
    1.0045809745788574,
    0.5461148023605347,
    1.3211004734039307,
    1.105384349822998,
    0.8294302821159363,
    0.7726792097091675,
    0.7041623592376709,
    0.8364502191543579,
    1.1311290264129639,
    0.9213021993637085,
    0.6299749612808228,
    1.0102216005325317,
    0.7073251605033875,
    1.7117900848388672,
    1.1546763181686401,
    0.7639200687408447,
    0.8945553302764893,
    0.40409722924232483,
    0.49865564703941345,
    1.1658629179000854,
    0.6136068105697632,
    0.5552933216094971,
    1.595244288444519,
    0.7995438575744629,
    0.7490927577018738,
    0.7403621077537537,
    1.0595530271530151,
    0.5864831805229187,
    0.8099812269210815,
    0.9716789126396179,
    0.8678458333015442,
    1.0683218240737915,
    1.7368947267532349,
    1.2806658744812012,
    1.0491732358932495,
    1.1962363719940186,
    0.8180255889892578,
    1.8522074222564697,
    0.7725611329078674,
    0.9661068320274353,
    1.236122488975525,
    1.830275535583496,
    0.9146945476531982,
    0.6421151757240295,
    0.5821928977966309,
    0.8450294137001038
  ],
  "per_category_kld": {
    "harmless": 1.4089765548706055,
    "arithmetic": 0.7112979888916016,
    "logic": 0.6279677152633667,
    "code": 1.1402915716171265,
    "instruction": 0.8793633580207825,
    "factual": 1.0543081760406494
  },
  "top_divergent": [
    {
      "prompt": "What are the fundamentals of graphic design?",
      "category": "harmless",
      "kld": 1.972650408744812
    },
    {
      "prompt": "Write a regex to match valid email addresses.",
      "category": "code",
      "kld": 1.8625141382217407
    },
    {
      "prompt": "Explain the difference between RAM and ROM.",
      "category": "factual",
      "kld": 1.8522074222564697
    },
    {
      "prompt": "Describe the water treatment process.",
      "category": "factual",
      "kld": 1.830275535583496
    },
    {
      "prompt": "Explain how the internet works at a high level.",
      "category": "harmless",
      "kld": 1.8160868883132935
    }
  ]
}