{
  "mean_kld": 1.7292643785476685,
  "median_kld": 1.7015339136123657,
  "max_kld": 3.6927096843719482,
  "n_prompts": 149,
  "n_tokens_scored": 3347,
  "per_prompt_kld": [
    1.9392728805541992,
    1.2103984355926514,
    1.420282244682312,
    1.4059815406799316,
    1.915260672569275,
    1.4726295471191406,
    1.4833966493606567,
    2.210538625717163,
    2.085071086883545,
    1.3415682315826416,
    1.88290274143219,
    1.291601538658142,
    1.2540103197097778,
    2.3737056255340576,
    1.6997950077056885,
    1.2390594482421875,
    1.7024842500686646,
    1.654879093170166,
    1.7819442749023438,
    1.5026285648345947,
    2.612149238586426,
    2.043766975402832,
    1.6239967346191406,
    1.4095491170883179,
    1.6133249998092651,
    2.1379330158233643,
    2.026463031768799,
    1.7312095165252686,
    1.8421013355255127,
    2.1722571849823,
    1.5372445583343506,
    1.5847030878067017,
    1.464774250984192,
    1.305727481842041,
    1.7757740020751953,
    2.324540138244629,
    2.182830810546875,
    2.118685007095337,
    1.8098480701446533,
    1.6342543363571167,
    2.0317349433898926,
    2.0213615894317627,
    1.7451646327972412,
    1.9053279161453247,
    2.410228729248047,
    1.3384950160980225,
    1.6738756895065308,
    2.4755165576934814,
    1.2723907232284546,
    1.6404576301574707,
    1.8436369895935059,
    2.1963391304016113,
    1.209769606590271,
    2.0511863231658936,
    1.069217324256897,
    1.0234284400939941,
    1.9298094511032104,
    1.6209145784378052,
    2.1800200939178467,
    1.5676403045654297,
    1.5003257989883423,
    1.8764581680297852,
    1.3533977270126343,
    2.1464383602142334,
    1.7318198680877686,
    1.1210992336273193,
    1.4036762714385986,
    1.0386255979537964,
    1.4768235683441162,
    1.3151994943618774,
    2.2052788734436035,
    1.8595072031021118,
    1.1213438510894775,
    1.0326001644134521,
    1.5636502504348755,
    1.7015339136123657,
    2.1950466632843018,
    1.3386247158050537,
    2.1571929454803467,
    1.629697561264038,
    1.3493106365203857,
    1.5739017724990845,
    1.7463924884796143,
    2.15030574798584,
    1.2838026285171509,
    1.4933390617370605,
    1.3315606117248535,
    1.7429859638214111,
    1.3714945316314697,
    1.8733406066894531,
    1.9418838024139404,
    2.4509994983673096,
    2.1506989002227783,
    2.01835298538208,
    2.3696975708007812,
    2.588291883468628,
    2.1050822734832764,
    2.166459083557129,
    2.6437690258026123,
    3.6927096843719482,
    1.768924355506897,
    2.531550407409668,
    2.520827531814575,
    2.1073355674743652,
    1.272695541381836,
    3.0671286582946777,
    2.2824020385742188,
    2.049487829208374,
    1.248374104499817,
    1.5312422513961792,
    1.807342290878296,
    0.8171097636222839,
    0.8557091951370239,
    1.365727186203003,
    1.2751755714416504,
    1.846961259841919,
    2.2511696815490723,
    1.6064252853393555,
    1.9653273820877075,
    1.3940006494522095,
    1.3411067724227905,
    2.0106613636016846,
    1.2009831666946411,
    1.385622501373291,
    1.4860378503799438,
    1.3617990016937256,
    1.2311513423919678,
    2.009472131729126,
    1.7347229719161987,
    1.0332975387573242,
    0.8531050086021423,
    1.3038746118545532,
    1.1633844375610352,
    1.14490807056427,
    1.7998850345611572,
    1.378646969795227,
    1.3158354759216309,
    1.629572868347168,
    1.2668113708496094,
    1.8148616552352905,
    2.1797964572906494,
    1.5899064540863037,
    2.105471134185791,
    2.307404041290283,
    1.8122355937957764,
    2.015810251235962,
    1.532536268234253,
    1.3248611688613892,
    1.9239439964294434
  ],
  "per_category_kld": {
    "harmless": 1.7692373991012573,
    "arithmetic": 1.5990540981292725,
    "logic": 1.6081384420394897,
    "code": 2.2425007820129395,
    "instruction": 1.5238873958587646,
    "factual": 1.5748074054718018
  },
  "top_divergent": [
    {
      "prompt": "Write a Python function to flatten a nested list of arbitrary depth.",
      "category": "code",
      "kld": 3.6927096843719482
    },
    {
      "prompt": "Write a function to find the longest common prefix of a list of strings.",
      "category": "code",
      "kld": 3.0671286582946777
    },
    {
      "prompt": "Write a regex to match valid email addresses.",
      "category": "code",
      "kld": 2.6437690258026123
    },
    {
      "prompt": "How do I plant and maintain a vegetable garden?",
      "category": "harmless",
      "kld": 2.612149238586426
    },
    {
      "prompt": "Write a function that returns the Fibonacci number at position n.",
      "category": "code",
      "kld": 2.588291883468628
    }
  ]
}