{
  "mean_kld": 0.3368739187717438,
  "median_kld": 0.2913582921028137,
  "max_kld": 1.0080379247665405,
  "n_prompts": 149,
  "n_tokens_scored": 3347,
  "per_prompt_kld": [
    0.4640834331512451,
    0.372442364692688,
    0.27059856057167053,
    0.5118179321289062,
    0.40911683440208435,
    0.29485225677490234,
    0.7377786040306091,
    0.3464798033237457,
    0.27617672085762024,
    0.8740403056144714,
    0.4756682813167572,
    0.2209082841873169,
    0.7759934663772583,
    0.31092992424964905,
    0.28880947828292847,
    0.7988098859786987,
    0.33952775597572327,
    0.25628605484962463,
    1.0080379247665405,
    0.4149214029312134,
    0.3047788739204407,
    0.6867988109588623,
    0.3211062550544739,
    0.1879369616508484,
    0.6153806447982788,
    0.510406494140625,
    0.514743447303772,
    0.5457231402397156,
    0.4416731595993042,
    0.3002103567123413,
    0.709156334400177,
    0.38523927330970764,
    0.30555787682533264,
    0.6984041333198547,
    0.27724388241767883,
    0.37848252058029175,
    0.30180594325065613,
    0.42331281304359436,
    0.30078402161598206,
    0.6533746123313904,
    0.3893107771873474,
    0.21055279672145844,
    0.6725564002990723,
    0.49086129665374756,
    0.35446062684059143,
    0.603102445602417,
    0.39096230268478394,
    0.2588573694229126,
    0.570321261882782,
    0.13696977496147156,
    0.3741171658039093,
    0.2783066928386688,
    0.2002614438533783,
    0.08368397504091263,
    0.22847880423069,
    0.11310823261737823,
    0.21960391104221344,
    0.14404481649398804,
    0.2370525747537613,
    0.15134766697883606,
    0.3319670557975769,
    0.15385065972805023,
    0.17106923460960388,
    0.13579456508159637,
    0.20672014355659485,
    0.3500398099422455,
    0.2023933082818985,
    0.11882104724645615,
    0.13185149431228638,
    0.14902932941913605,
    0.14126498997211456,
    0.11654659360647202,
    0.18158070743083954,
    0.14822633564472198,
    0.3532429039478302,
    0.12546926736831665,
    0.19918926060199738,
    0.1472824513912201,
    0.2055521011352539,
    0.11080503463745117,
    0.1748417764902115,
    0.3701762557029724,
    0.1110558956861496,
    0.15479494631290436,
    0.07896295189857483,
    0.08039060980081558,
    0.11715928465127945,
    0.10792343318462372,
    0.15585358440876007,
    0.6423690319061279,
    0.5932868123054504,
    0.6745784878730774,
    0.5852903723716736,
    0.6513301730155945,
    0.5120477080345154,
    0.6407485604286194,
    0.6127504110336304,
    0.4520775079727173,
    0.6772403717041016,
    0.5061233639717102,
    0.5053550004959106,
    0.5220537781715393,
    0.5180156826972961,
    0.49439162015914917,
    0.06740448623895645,
    0.5109566450119019,
    0.5038657784461975,
    0.44218990206718445,
    0.10601115971803665,
    0.31285181641578674,
    0.13998174667358398,
    0.130183145403862,
    0.1276615560054779,
    0.2814907729625702,
    0.309388130903244,
    0.1335602104663849,
    0.7458824515342712,
    0.1682957410812378,
    0.12260343879461288,
    0.14566604793071747,
    0.2409011721611023,
    0.2913582921028137,
    0.5978195071220398,
    0.2664172947406769,
    0.06664535403251648,
    0.643927812576294,
    0.1571686565876007,
    0.11581633985042572,
    0.10695295035839081,
    0.2412959486246109,
    0.18726825714111328,
    0.21452884376049042,
    0.30905428528785706,
    0.24822275340557098,
    0.26352858543395996,
    0.5073126554489136,
    0.36776188015937805,
    0.34644097089767456,
    0.2791128158569336,
    0.15498603880405426,
    0.6416721343994141,
    0.24542078375816345,
    0.18036998808383942,
    0.2430969923734665,
    0.28564056754112244,
    0.30488866567611694,
    0.09730728715658188,
    0.15579015016555786,
    0.14863775670528412
  ],
  "per_category_kld": {
    "harmless": 0.454089492559433,
    "arithmetic": 0.19847413897514343,
    "logic": 0.16146737337112427,
    "code": 0.5109043717384338,
    "instruction": 0.25522860884666443,
    "factual": 0.27111685276031494
  },
  "top_divergent": [
    {
      "prompt": "Explain how the internet works at a high level.",
      "category": "harmless",
      "kld": 1.0080379247665405
    },
    {
      "prompt": "Explain the water cycle in detail.",
      "category": "harmless",
      "kld": 0.8740403056144714
    },
    {
      "prompt": "Explain the basics of machine learning.",
      "category": "harmless",
      "kld": 0.7988098859786987
    },
    {
      "prompt": "Explain the process of photosynthesis in plants.",
      "category": "harmless",
      "kld": 0.7759934663772583
    },
    {
      "prompt": "Write a haiku about autumn.",
      "category": "instruction",
      "kld": 0.7458824515342712
    }
  ]
}