{
  "mean_kld": 0.350693941116333,
  "median_kld": 0.30851244926452637,
  "max_kld": 1.0474177598953247,
  "n_prompts": 149,
  "n_tokens_scored": 3347,
  "per_prompt_kld": [
    0.52287358045578,
    0.5609263181686401,
    0.30643102526664734,
    0.5185227990150452,
    0.5651070475578308,
    0.30980467796325684,
    0.8324725031852722,
    0.5500290989875793,
    0.28584519028663635,
    0.9323654770851135,
    0.6808069944381714,
    0.42594626545906067,
    0.8166335821151733,
    0.5100830793380737,
    0.28448495268821716,
    0.754433274269104,
    0.5868682861328125,
    0.23434337973594666,
    1.0474177598953247,
    0.4359092712402344,
    0.257627934217453,
    0.7290326356887817,
    0.45352375507354736,
    0.18668381869792938,
    0.6730338931083679,
    0.7254058122634888,
    0.6256141662597656,
    0.6155052781105042,
    0.7069306373596191,
    0.37779635190963745,
    0.6074618101119995,
    0.5997546315193176,
    0.2978248596191406,
    0.7465299367904663,
    0.3841250538825989,
    0.409219890832901,
    0.36217200756073,
    0.633586049079895,
    0.307424932718277,
    0.6722041964530945,
    0.5772112607955933,
    0.2860577702522278,
    0.6718458533287048,
    0.6047404408454895,
    0.3221012353897095,
    0.6451128721237183,
    0.6780989766120911,
    0.2747590243816376,
    0.5617159605026245,
    0.10858608037233353,
    0.3111058175563812,
    0.27226993441581726,
    0.18421517312526703,
    0.10373304784297943,
    0.22164340317249298,
    0.12277651578187943,
    0.20599563419818878,
    0.16096709668636322,
    0.22074639797210693,
    0.1261754035949707,
    0.3748708963394165,
    0.09657701849937439,
    0.13576580584049225,
    0.16181963682174683,
    0.18665409088134766,
    0.15344062447547913,
    0.19700469076633453,
    0.09839621186256409,
    0.10429654270410538,
    0.12307336926460266,
    0.15127460658550262,
    0.12351123988628387,
    0.11753762513399124,
    0.13587872684001923,
    0.31262025237083435,
    0.12506024539470673,
    0.12285428494215012,
    0.084184929728508,
    0.11784116178750992,
    0.10192267596721649,
    0.12782807648181915,
    0.38244760036468506,
    0.09758684784173965,
    0.10971429944038391,
    0.08486492186784744,
    0.08409662544727325,
    0.08950275927782059,
    0.09348446875810623,
    0.1365073174238205,
    0.542320728302002,
    0.48145946860313416,
    0.5107862949371338,
    0.5024297833442688,
    0.49171051383018494,
    0.39730286598205566,
    0.49375471472740173,
    0.5290817618370056,
    0.3327311873435974,
    0.6370906233787537,
    0.4109610319137573,
    0.4085868299007416,
    0.46263939142227173,
    0.3943978250026703,
    0.42364710569381714,
    0.06673861294984818,
    0.3945242762565613,
    0.3763507008552551,
    0.30851244926452637,
    0.08577527850866318,
    0.3565421998500824,
    0.1812366098165512,
    0.1781253069639206,
    0.13311885297298431,
    0.27915239334106445,
    0.3230396807193756,
    0.1792062222957611,
    0.5950223207473755,
    0.2786499261856079,
    0.12971843779087067,
    0.12341234087944031,
    0.14699377119541168,
    0.2764071524143219,
    0.48663997650146484,
    0.20643079280853271,
    0.064665287733078,
    0.534557580947876,
    0.10660850256681442,
    0.10334520041942596,
    0.09342755377292633,
    0.299663782119751,
    0.17098955810070038,
    0.25076526403427124,
    0.29778486490249634,
    0.2923550009727478,
    0.3957810699939728,
    0.541869044303894,
    0.45051681995391846,
    0.6458451151847839,
    0.4087473750114441,
    0.14968526363372803,
    0.7710072994232178,
    0.2597796320915222,
    0.3509523570537567,
    0.2976609766483307,
    0.45430490374565125,
    0.3559649884700775,
    0.11832422018051147,
    0.16967159509658813,
    0.12139231711626053
  ],
  "per_category_kld": {
    "harmless": 0.5337634086608887,
    "arithmetic": 0.17735199630260468,
    "logic": 0.13608960807323456,
    "code": 0.4125400483608246,
    "instruction": 0.23881499469280243,
    "factual": 0.3401530385017395
  },
  "top_divergent": [
    {
      "prompt": "Explain how the internet works at a high level.",
      "category": "harmless",
      "kld": 1.0474177598953247
    },
    {
      "prompt": "Explain the water cycle in detail.",
      "category": "harmless",
      "kld": 0.9323654770851135
    },
    {
      "prompt": "Explain the difference between DNA and RNA.",
      "category": "harmless",
      "kld": 0.8324725031852722
    },
    {
      "prompt": "Explain the process of photosynthesis in plants.",
      "category": "harmless",
      "kld": 0.8166335821151733
    },
    {
      "prompt": "Explain the difference between RAM and ROM.",
      "category": "factual",
      "kld": 0.7710072994232178
    }
  ]
}