{
  "mean_kld": 0.3226982057094574,
  "median_kld": 0.2746894955635071,
  "max_kld": 1.012773036956787,
  "n_prompts": 149,
  "n_tokens_scored": 3347,
  "per_prompt_kld": [
    0.4813958704471588,
    0.32015460729599,
    0.35625022649765015,
    0.5100961327552795,
    0.39449450373649597,
    0.3110816776752472,
    0.7019107341766357,
    0.3080347180366516,
    0.38508135080337524,
    0.9269939661026001,
    0.4726608097553253,
    0.2285759001970291,
    0.7601816654205322,
    0.2579539716243744,
    0.3916396498680115,
    0.8720710873603821,
    0.35052090883255005,
    0.3075937032699585,
    1.012773036956787,
    0.3831658959388733,
    0.33857691287994385,
    0.6700347065925598,
    0.270749568939209,
    0.18034175038337708,
    0.5888103246688843,
    0.5117344260215759,
    0.4812558591365814,
    0.5373342037200928,
    0.41176605224609375,
    0.26734429597854614,
    0.7428406476974487,
    0.3039407730102539,
    0.34047242999076843,
    0.6888681054115295,
    0.22888250648975372,
    0.5519609451293945,
    0.2671927809715271,
    0.4025750160217285,
    0.2886370122432709,
    0.6635507941246033,
    0.3414432108402252,
    0.17202670872211456,
    0.6773228645324707,
    0.3556446433067322,
    0.3518638014793396,
    0.5780960917472839,
    0.3435681164264679,
    0.28758665919303894,
    0.5834348797798157,
    0.11162867397069931,
    0.3503963053226471,
    0.27280494570732117,
    0.2746894955635071,
    0.0726708471775055,
    0.20666411519050598,
    0.11069352179765701,
    0.17172293365001678,
    0.14836269617080688,
    0.2171245962381363,
    0.11814899742603302,
    0.27594852447509766,
    0.13973873853683472,
    0.1419197916984558,
    0.1260501742362976,
    0.15552568435668945,
    0.26198524236679077,
    0.14591342210769653,
    0.11703278124332428,
    0.12752540409564972,
    0.14920873939990997,
    0.12674929201602936,
    0.12534373998641968,
    0.1829618364572525,
    0.13310010731220245,
    0.3266434967517853,
    0.118935227394104,
    0.2137918621301651,
    0.13375882804393768,
    0.24332332611083984,
    0.1347077190876007,
    0.18241894245147705,
    0.34904274344444275,
    0.09387615323066711,
    0.18722350895404816,
    0.1057441234588623,
    0.08029764145612717,
    0.11550058424472809,
    0.10404977202415466,
    0.1674191802740097,
    0.5611534118652344,
    0.5023694038391113,
    0.6108146905899048,
    0.5416641235351562,
    0.5662214159965515,
    0.4556247591972351,
    0.6289215683937073,
    0.5656445622444153,
    0.4063459038734436,
    0.5761665105819702,
    0.45047712326049805,
    0.4291173815727234,
    0.44768962264060974,
    0.4452067017555237,
    0.45711928606033325,
    0.06404764205217361,
    0.45296913385391235,
    0.4437459111213684,
    0.4150439202785492,
    0.13991878926753998,
    0.2319493293762207,
    0.17487072944641113,
    0.1542407125234604,
    0.11965682357549667,
    0.2614120841026306,
    0.2923286557197571,
    0.12530957162380219,
    0.6090417504310608,
    0.15602099895477295,
    0.14392639696598053,
    0.1365760862827301,
    0.27125656604766846,
    0.25387120246887207,
    0.592761218547821,
    0.22986888885498047,
    0.06315700709819794,
    0.5397651791572571,
    0.1522008627653122,
    0.09438104182481766,
    0.10483497381210327,
    0.28382837772369385,
    0.12822820246219635,
    0.23811061680316925,
    0.29005974531173706,
    0.2168930172920227,
    0.2395060807466507,
    0.47336629033088684,
    0.509667158126831,
    0.30247363448143005,
    0.26086118817329407,
    0.13252423703670502,
    0.6213909983634949,
    0.22146554291248322,
    0.20716415345668793,
    0.1763530969619751,
    0.3077734112739563,
    0.26519522070884705,
    0.10017143189907074,
    0.11611676216125488,
    0.14205887913703918
  ],
  "per_category_kld": {
    "harmless": 0.4522548317909241,
    "arithmetic": 0.17732733488082886,
    "logic": 0.16370484232902527,
    "code": 0.45801305770874023,
    "instruction": 0.23537151515483856,
    "factual": 0.2616603970527649
  },
  "top_divergent": [
    {
      "prompt": "Explain how the internet works at a high level.",
      "category": "harmless",
      "kld": 1.012773036956787
    },
    {
      "prompt": "Explain the water cycle in detail.",
      "category": "harmless",
      "kld": 0.9269939661026001
    },
    {
      "prompt": "Explain the basics of machine learning.",
      "category": "harmless",
      "kld": 0.8720710873603821
    },
    {
      "prompt": "Explain the process of photosynthesis in plants.",
      "category": "harmless",
      "kld": 0.7601816654205322
    },
    {
      "prompt": "Explain the nitrogen cycle in ecology.",
      "category": "harmless",
      "kld": 0.7428406476974487
    }
  ]
}