{
  "mean_kld": 0.34210485219955444,
  "median_kld": 0.2912234365940094,
  "max_kld": 0.9782317280769348,
  "n_prompts": 149,
  "n_tokens_scored": 3347,
  "per_prompt_kld": [
    0.4776512086391449,
    0.40988630056381226,
    0.2711952030658722,
    0.4282727539539337,
    0.3587513566017151,
    0.29042893648147583,
    0.6175215244293213,
    0.3672623932361603,
    0.2706121802330017,
    0.8447877764701843,
    0.6071090698242188,
    0.2531668543815613,
    0.6927465796470642,
    0.43073078989982605,
    0.1936694234609604,
    0.7169647812843323,
    0.3654307723045349,
    0.19120776653289795,
    0.9782317280769348,
    0.37509793043136597,
    0.2130010575056076,
    0.6466373205184937,
    0.3379773497581482,
    0.1662551313638687,
    0.5126777291297913,
    0.6284317970275879,
    0.4256494641304016,
    0.4606674909591675,
    0.4852311909198761,
    0.2900409698486328,
    0.6321473121643066,
    0.42114508152008057,
    0.1756642758846283,
    0.6543545722961426,
    0.3100675642490387,
    0.2908343970775604,
    0.4555051028728485,
    0.4942995607852936,
    0.23526477813720703,
    0.6156491041183472,
    0.48030224442481995,
    0.20892372727394104,
    0.644727885723114,
    0.44168367981910706,
    0.33056074380874634,
    0.5745590329170227,
    0.4381800591945648,
    0.15612344443798065,
    0.4800505042076111,
    0.10564078390598297,
    0.31403863430023193,
    0.2770726680755615,
    0.18590284883975983,
    0.09311915934085846,
    0.18196800351142883,
    0.12804149091243744,
    0.26329538226127625,
    0.13475936651229858,
    0.25179919600486755,
    0.12085967510938644,
    0.4538589119911194,
    0.11730720847845078,
    0.15832117199897766,
    0.15859092772006989,
    0.18249599635601044,
    0.19885654747486115,
    0.24467627704143524,
    0.16414760053157806,
    0.1024523675441742,
    0.14271637797355652,
    0.11455412954092026,
    0.1944614201784134,
    0.14561565220355988,
    0.20283479988574982,
    0.34276166558265686,
    0.11703207343816757,
    0.08053343743085861,
    0.0781354010105133,
    0.10174409300088882,
    0.06920614093542099,
    0.1332588791847229,
    0.36991140246391296,
    0.10367024689912796,
    0.08546718955039978,
    0.09290632605552673,
    0.07428247481584549,
    0.12756764888763428,
    0.09103617817163467,
    0.125437393784523,
    0.6690465807914734,
    0.6375617980957031,
    0.6739177107810974,
    0.6515681147575378,
    0.6610507965087891,
    0.5476582050323486,
    0.5772489309310913,
    0.6696034669876099,
    0.470725417137146,
    0.74934321641922,
    0.5617542266845703,
    0.5332558751106262,
    0.5864015817642212,
    0.5813103318214417,
    0.591901421546936,
    0.06355607509613037,
    0.6155503988265991,
    0.5699589252471924,
    0.4178762137889862,
    0.09668660163879395,
    0.3678048551082611,
    0.18081021308898926,
    0.19113147258758545,
    0.1631927639245987,
    0.29494917392730713,
    0.2912234365940094,
    0.19068261981010437,
    0.7850589156150818,
    0.20282958447933197,
    0.174530029296875,
    0.12526699900627136,
    0.23122823238372803,
    0.29813528060913086,
    0.38851314783096313,
    0.245313361287117,
    0.07998743653297424,
    0.6622864603996277,
    0.1492309868335724,
    0.1618763953447342,
    0.12738779187202454,
    0.6550395488739014,
    0.22896169126033783,
    0.3271447718143463,
    0.29484087228775024,
    0.31836575269699097,
    0.2736111581325531,
    0.6108935475349426,
    0.35494840145111084,
    0.5346471071243286,
    0.3922257721424103,
    0.24013064801692963,
    0.5574245452880859,
    0.276536226272583,
    0.2109965831041336,
    0.25595971941947937,
    0.3706851005554199,
    0.39682960510253906,
    0.11582788079977036,
    0.1851789951324463,
    0.15828561782836914
  ],
  "per_category_kld": {
    "harmless": 0.4356599450111389,
    "arithmetic": 0.19186019897460938,
    "logic": 0.1396566480398178,
    "code": 0.5462988018989563,
    "instruction": 0.2655719518661499,
    "factual": 0.3379266858100891
  },
  "top_divergent": [
    {
      "prompt": "Explain how the internet works at a high level.",
      "category": "harmless",
      "kld": 0.9782317280769348
    },
    {
      "prompt": "Explain the water cycle in detail.",
      "category": "harmless",
      "kld": 0.8447877764701843
    },
    {
      "prompt": "Write a haiku about autumn.",
      "category": "instruction",
      "kld": 0.7850589156150818
    },
    {
      "prompt": "Write a regex to match valid email addresses.",
      "category": "code",
      "kld": 0.74934321641922
    },
    {
      "prompt": "Explain the basics of machine learning.",
      "category": "harmless",
      "kld": 0.7169647812843323
    }
  ]
}