{
  "mean_kld": 2.0472311973571777,
  "median_kld": 2.0008294582366943,
  "max_kld": 4.228293418884277,
  "n_prompts": 149,
  "n_tokens_scored": 3347,
  "per_prompt_kld": [
    2.723289728164673,
    1.9372667074203491,
    2.1671760082244873,
    2.1962363719940186,
    2.4061620235443115,
    2.029006004333496,
    3.2659051418304443,
    2.7294442653656006,
    2.3410842418670654,
    3.1147265434265137,
    2.7405922412872314,
    2.289492607116699,
    2.8251428604125977,
    2.919168472290039,
    1.769409418106079,
    3.250847816467285,
    2.4364304542541504,
    2.458050489425659,
    2.7195546627044678,
    2.2846972942352295,
    2.974801540374756,
    2.8660919666290283,
    2.344959020614624,
    2.524651050567627,
    2.5167057514190674,
    3.7157504558563232,
    2.9001052379608154,
    2.703057289123535,
    3.3580663204193115,
    2.4252960681915283,
    2.6394729614257812,
    2.25445556640625,
    2.225538969039917,
    4.228293418884277,
    2.887197971343994,
    2.6750924587249756,
    3.090116262435913,
    2.497596263885498,
    3.235968828201294,
    3.273150682449341,
    2.9036951065063477,
    2.1920101642608643,
    3.6635582447052,
    3.0286641120910645,
    2.300776958465576,
    2.81662917137146,
    3.420578956604004,
    2.5788938999176025,
    2.5982115268707275,
    0.9681714177131653,
    1.8413283824920654,
    1.980647325515747,
    1.7053301334381104,
    1.1828856468200684,
    1.389351725578308,
    0.8616328239440918,
    1.7474284172058105,
    1.2806973457336426,
    2.008263111114502,
    0.7926143407821655,
    2.1849379539489746,
    1.1684393882751465,
    0.8722200393676758,
    1.6345492601394653,
    1.9864890575408936,
    0.8494150638580322,
    1.4062962532043457,
    1.2501569986343384,
    1.1413806676864624,
    1.359724760055542,
    1.154000997543335,
    1.1579757928848267,
    1.031720519065857,
    0.8789681196212769,
    1.6700328588485718,
    1.468582272529602,
    1.1879311800003052,
    1.0734405517578125,
    1.1140773296356201,
    1.042100191116333,
    1.4419485330581665,
    1.755812644958496,
    0.8673580288887024,
    1.183729887008667,
    1.3452134132385254,
    1.1856498718261719,
    1.0346910953521729,
    1.3858702182769775,
    1.2082654237747192,
    1.9155769348144531,
    1.520412802696228,
    2.095081329345703,
    2.1935839653015137,
    1.9762580394744873,
    1.638953447341919,
    2.1635985374450684,
    2.3054871559143066,
    1.9310413599014282,
    2.702216386795044,
    2.411200761795044,
    1.5508204698562622,
    1.6153656244277954,
    1.831966757774353,
    1.6552734375,
    1.359923005104065,
    2.0008294582366943,
    1.8648158311843872,
    1.4305751323699951,
    1.495141625404358,
    1.268822431564331,
    1.9969394207000732,
    2.0373919010162354,
    1.5483675003051758,
    1.8280854225158691,
    2.351254940032959,
    1.669105887413025,
    2.908691167831421,
    1.842789649963379,
    1.3874738216400146,
    1.3456707000732422,
    1.239147424697876,
    1.3687145709991455,
    2.9191627502441406,
    1.111481785774231,
    1.0248976945877075,
    2.926837921142578,
    1.473892331123352,
    1.8230538368225098,
    1.7488287687301636,
    2.3909521102905273,
    1.7778695821762085,
    1.6177542209625244,
    2.1053895950317383,
    2.04286527633667,
    2.208261013031006,
    2.921635627746582,
    3.098226547241211,
    2.4919593334198,
    2.2675511837005615,
    2.0121052265167236,
    3.4829466342926025,
    1.6616284847259521,
    2.145531177520752,
    2.4304921627044678,
    2.8279778957366943,
    2.568164348602295,
    1.697831630706787,
    1.666815161705017,
    1.9003795385360718
  ],
  "per_category_kld": {
    "harmless": 2.723327875137329,
    "arithmetic": 1.412611722946167,
    "logic": 1.2273547649383545,
    "code": 1.8829059600830078,
    "instruction": 1.7910305261611938,
    "factual": 2.265817165374756
  },
  "top_divergent": [
    {
      "prompt": "Explain the periodic table of elements.",
      "category": "harmless",
      "kld": 4.228293418884277
    },
    {
      "prompt": "What are the benefits of meditation?",
      "category": "harmless",
      "kld": 3.7157504558563232
    },
    {
      "prompt": "Explain the process of democratic elections.",
      "category": "harmless",
      "kld": 3.6635582447052
    },
    {
      "prompt": "Explain the difference between RAM and ROM.",
      "category": "factual",
      "kld": 3.4829466342926025
    },
    {
      "prompt": "What are the fundamentals of electrical circuits?",
      "category": "harmless",
      "kld": 3.420578956604004
    }
  ]
}