{
  "mean_kld": 0.3992677628993988,
  "median_kld": 0.36537355184555054,
  "max_kld": 1.1149442195892334,
  "n_prompts": 149,
  "n_tokens_scored": 3347,
  "per_prompt_kld": [
    0.6014896631240845,
    0.6000515818595886,
    0.34777602553367615,
    0.6020297408103943,
    0.6697904467582703,
    0.3693465292453766,
    0.987268328666687,
    0.5988755822181702,
    0.3861251473426819,
    1.081534743309021,
    0.7977317571640015,
    0.4882082939147949,
    0.9151484370231628,
    0.6010739803314209,
    0.41092562675476074,
    0.8474636077880859,
    0.641677975654602,
    0.31780824065208435,
    1.1149442195892334,
    0.49835139513015747,
    0.34477466344833374,
    0.8168233036994934,
    0.5391767621040344,
    0.1995256394147873,
    0.7011034488677979,
    0.8185200691223145,
    0.6977005004882812,
    0.6778596639633179,
    0.7537969350814819,
    0.4259585738182068,
    0.6672343015670776,
    0.685502827167511,
    0.4368678331375122,
    0.8108649849891663,
    0.4324556291103363,
    0.5965976715087891,
    0.5429086685180664,
    0.7633746266365051,
    0.4125271439552307,
    0.7036492228507996,
    0.6362808346748352,
    0.34155935049057007,
    0.7237593531608582,
    0.7124813199043274,
    0.4266408681869507,
    0.6801827549934387,
    0.7087486386299133,
    0.3989185690879822,
    0.6280008554458618,
    0.1386924833059311,
    0.3564043641090393,
    0.26660582423210144,
    0.2488861083984375,
    0.11869557201862335,
    0.24821975827217102,
    0.1629258245229721,
    0.20545682311058044,
    0.24458986520767212,
    0.30312007665634155,
    0.17386701703071594,
    0.5082463622093201,
    0.13403671979904175,
    0.14577648043632507,
    0.1979350596666336,
    0.22662293910980225,
    0.2784339189529419,
    0.17105835676193237,
    0.11933610588312149,
    0.1469101756811142,
    0.1746479719877243,
    0.17547762393951416,
    0.16562995314598083,
    0.20500732958316803,
    0.14965875446796417,
    0.3088754415512085,
    0.18834547698497772,
    0.2325514405965805,
    0.17114953696727753,
    0.23744408786296844,
    0.1883348822593689,
    0.18435995280742645,
    0.3475787341594696,
    0.130019411444664,
    0.169159933924675,
    0.09774012863636017,
    0.10166863352060318,
    0.15391172468662262,
    0.1403016746044159,
    0.17848166823387146,
    0.5312834978103638,
    0.4820263683795929,
    0.5431201457977295,
    0.5776993632316589,
    0.5181178450584412,
    0.38637739419937134,
    0.5790792107582092,
    0.5747928023338318,
    0.34020233154296875,
    0.6875479221343994,
    0.4257524907588959,
    0.43538638949394226,
    0.4605991244316101,
    0.3817622661590576,
    0.39982670545578003,
    0.07884221524000168,
    0.41072699427604675,
    0.3791947364807129,
    0.3409966826438904,
    0.12229391187429428,
    0.33152681589126587,
    0.21840570867061615,
    0.21902376413345337,
    0.1601996123790741,
    0.18029795587062836,
    0.3155619502067566,
    0.21873390674591064,
    0.6347386240959167,
    0.3676292896270752,
    0.14658796787261963,
    0.16359145939350128,
    0.1945606917142868,
    0.26277419924736023,
    0.5831126570701599,
    0.2356795072555542,
    0.08224693685770035,
    0.5417652130126953,
    0.14136113226413727,
    0.09744379669427872,
    0.10854896903038025,
    0.2933691143989563,
    0.17556767165660858,
    0.2925548553466797,
    0.36537355184555054,
    0.35751810669898987,
    0.3828795850276947,
    0.5661628246307373,
    0.51472407579422,
    0.6390610933303833,
    0.4695133864879608,
    0.16379962861537933,
    0.839747965335846,
    0.31279292702674866,
    0.37206918001174927,
    0.3384562134742737,
    0.4244655966758728,
    0.40729787945747375,
    0.11276969313621521,
    0.17301738262176514,
    0.17276324331760406
  ],
  "per_category_kld": {
    "harmless": 0.6155391335487366,
    "arithmetic": 0.219790980219841,
    "logic": 0.18501721322536469,
    "code": 0.4327813982963562,
    "instruction": 0.2601895034313202,
    "factual": 0.3686951994895935
  },
  "top_divergent": [
    {
      "prompt": "Explain how the internet works at a high level.",
      "category": "harmless",
      "kld": 1.1149442195892334
    },
    {
      "prompt": "Explain the water cycle in detail.",
      "category": "harmless",
      "kld": 1.081534743309021
    },
    {
      "prompt": "Explain the difference between DNA and RNA.",
      "category": "harmless",
      "kld": 0.987268328666687
    },
    {
      "prompt": "Explain the process of photosynthesis in plants.",
      "category": "harmless",
      "kld": 0.9151484370231628
    },
    {
      "prompt": "Explain the basics of machine learning.",
      "category": "harmless",
      "kld": 0.8474636077880859
    }
  ]
}