{
  "mean_kld": 0.316091388463974,
  "median_kld": 0.2599591612815857,
  "max_kld": 0.9793884754180908,
  "n_prompts": 149,
  "n_tokens_scored": 3347,
  "per_prompt_kld": [
    0.441251665353775,
    0.3458296060562134,
    0.21278652548789978,
    0.4990037679672241,
    0.3701181411743164,
    0.26989278197288513,
    0.6950237154960632,
    0.3202749490737915,
    0.22828443348407745,
    0.8798092603683472,
    0.4568086266517639,
    0.19723951816558838,
    0.7479754090309143,
    0.2955440282821655,
    0.23854097723960876,
    0.7233918905258179,
    0.3529817759990692,
    0.19778156280517578,
    0.9793884754180908,
    0.38273677229881287,
    0.2413061112165451,
    0.6730804443359375,
    0.30677706003189087,
    0.15380273759365082,
    0.5991381406784058,
    0.5000061392784119,
    0.4674322009086609,
    0.526405930519104,
    0.4196164906024933,
    0.24968288838863373,
    0.6812235713005066,
    0.38908761739730835,
    0.24735978245735168,
    0.686488687992096,
    0.24612776935100555,
    0.2674025297164917,
    0.3195267617702484,
    0.46320629119873047,
    0.21221326291561127,
    0.6429916024208069,
    0.361861914396286,
    0.17684970796108246,
    0.6591485142707825,
    0.46539708971977234,
    0.2959430515766144,
    0.5733214020729065,
    0.3672232925891876,
    0.17177645862102509,
    0.558432936668396,
    0.1204817071557045,
    0.3727959394454956,
    0.25762301683425903,
    0.1906009465456009,
    0.08977081626653671,
    0.20425300300121307,
    0.11858362704515457,
    0.18777360022068024,
    0.13163220882415771,
    0.22625240683555603,
    0.1399587094783783,
    0.346227765083313,
    0.1269606202840805,
    0.1558782011270523,
    0.12697312235832214,
    0.19927653670310974,
    0.29769566655158997,
    0.17680008709430695,
    0.11698801815509796,
    0.11649814248085022,
    0.14096985757350922,
    0.12865300476551056,
    0.12692266702651978,
    0.166155606508255,
    0.14167538285255432,
    0.35622531175613403,
    0.1348869502544403,
    0.1597609668970108,
    0.12378006428480148,
    0.19772659242153168,
    0.1093871220946312,
    0.15390190482139587,
    0.36201807856559753,
    0.10353939980268478,
    0.1338065266609192,
    0.07115340232849121,
    0.07867728918790817,
    0.1205173209309578,
    0.10897597670555115,
    0.1500665843486786,
    0.6056561470031738,
    0.5480587482452393,
    0.6124250292778015,
    0.5231844186782837,
    0.5821871757507324,
    0.4881785809993744,
    0.5997064709663391,
    0.5544811487197876,
    0.40866735577583313,
    0.6162891983985901,
    0.4691711962223053,
    0.4624936878681183,
    0.4899009168148041,
    0.47882384061813354,
    0.47038325667381287,
    0.061401646584272385,
    0.4820871949195862,
    0.45604458451271057,
    0.39501243829727173,
    0.1076599732041359,
    0.296146959066391,
    0.134994238615036,
    0.14578743278980255,
    0.1341935396194458,
    0.23885461688041687,
    0.32407641410827637,
    0.13873228430747986,
    0.6647351980209351,
    0.16632971167564392,
    0.14265617728233337,
    0.14735817909240723,
    0.2138226479291916,
    0.25859543681144714,
    0.5917868614196777,
    0.2634851634502411,
    0.06575902551412582,
    0.5746505856513977,
    0.13508333265781403,
    0.10390924662351608,
    0.10592503100633621,
    0.26251456141471863,
    0.17332927882671356,
    0.22436368465423584,
    0.27984026074409485,
    0.2605680525302887,
    0.22811464965343475,
    0.5083593130111694,
    0.3480445146560669,
    0.33927497267723083,
    0.2599591612815857,
    0.15215277671813965,
    0.6200012564659119,
    0.24213053286075592,
    0.17000652849674225,
    0.2113998383283615,
    0.30303797125816345,
    0.2976929247379303,
    0.10569395869970322,
    0.16771063208580017,
    0.15540947020053864
  ],
  "per_category_kld": {
    "harmless": 0.42362233996391296,
    "arithmetic": 0.18515121936798096,
    "logic": 0.15343999862670898,
    "code": 0.47059065103530884,
    "instruction": 0.24234409630298615,
    "factual": 0.2654802203178406
  },
  "top_divergent": [
    {
      "prompt": "Explain how the internet works at a high level.",
      "category": "harmless",
      "kld": 0.9793884754180908
    },
    {
      "prompt": "Explain the water cycle in detail.",
      "category": "harmless",
      "kld": 0.8798092603683472
    },
    {
      "prompt": "Explain the process of photosynthesis in plants.",
      "category": "harmless",
      "kld": 0.7479754090309143
    },
    {
      "prompt": "Explain the basics of machine learning.",
      "category": "harmless",
      "kld": 0.7233918905258179
    },
    {
      "prompt": "Explain the difference between DNA and RNA.",
      "category": "harmless",
      "kld": 0.6950237154960632
    }
  ]
}