{
  "mean_kld": 0.48319023847579956,
  "median_kld": 0.4461599290370941,
  "max_kld": 1.211631178855896,
  "n_prompts": 149,
  "n_tokens_scored": 3347,
  "per_prompt_kld": [
    0.6961429715156555,
    0.7573779225349426,
    0.4379251003265381,
    0.6276466250419617,
    0.7452951669692993,
    0.4461599290370941,
    0.9865123629570007,
    0.6562524437904358,
    0.4754308760166168,
    1.1190881729125977,
    0.8419894576072693,
    0.5263522267341614,
    0.95794677734375,
    0.669761598110199,
    0.4116247594356537,
    1.016188144683838,
    0.740593433380127,
    0.37528127431869507,
    1.211631178855896,
    0.6117027401924133,
    0.3700062036514282,
    0.8565143346786499,
    0.548244059085846,
    0.25520363450050354,
    0.7727954983711243,
    0.8905490636825562,
    0.7708268165588379,
    0.7308727502822876,
    0.8648820519447327,
    0.4212852716445923,
    0.8123555183410645,
    0.7291377782821655,
    0.45507851243019104,
    0.9442652463912964,
    0.5346654057502747,
    0.5847548842430115,
    0.5641329884529114,
    0.8423458933830261,
    0.4661141335964203,
    0.8479233384132385,
    0.7787006497383118,
    0.39266809821128845,
    0.8798611164093018,
    0.7853214144706726,
    0.47711658477783203,
    0.7993887066841125,
    0.8223100304603577,
    0.39669451117515564,
    0.6741034984588623,
    0.19548417627811432,
    0.4410845637321472,
    0.3868565261363983,
    0.2877599000930786,
    0.17255933582782745,
    0.3175808787345886,
    0.19245964288711548,
    0.32583004236221313,
    0.30011817812919617,
    0.3486698865890503,
    0.21865060925483704,
    0.5637431740760803,
    0.15971530973911285,
    0.19588835537433624,
    0.24277326464653015,
    0.2588605582714081,
    0.25313249230384827,
    0.29298242926597595,
    0.17557047307491302,
    0.16555367410182953,
    0.18826645612716675,
    0.2448694258928299,
    0.23381377756595612,
    0.18896935880184174,
    0.2236960232257843,
    0.36764436960220337,
    0.19661958515644073,
    0.18216025829315186,
    0.1417929083108902,
    0.17178146541118622,
    0.14451132714748383,
    0.17880316078662872,
    0.45835113525390625,
    0.1661888062953949,
    0.15898926556110382,
    0.1476982682943344,
    0.13509023189544678,
    0.1575935184955597,
    0.15010468661785126,
    0.22539345920085907,
    0.8117769956588745,
    0.7334644198417664,
    0.7332751750946045,
    0.7581616640090942,
    0.7623071074485779,
    0.6062349677085876,
    0.7284519076347351,
    0.8010084629058838,
    0.5211851000785828,
    0.8918533325195312,
    0.6269977688789368,
    0.5928561687469482,
    0.7024650573730469,
    0.6289331316947937,
    0.6482610702514648,
    0.10689752548933029,
    0.6024934649467468,
    0.594936192035675,
    0.45901229977607727,
    0.1434098184108734,
    0.5254246592521667,
    0.2709885239601135,
    0.26812678575515747,
    0.21540290117263794,
    0.4875898063182831,
    0.4791688323020935,
    0.26494014263153076,
    0.8648860454559326,
    0.3717103898525238,
    0.21388675272464752,
    0.19967417418956757,
    0.2403239905834198,
    0.4159395098686218,
    0.5575084686279297,
    0.2945605218410492,
    0.1190875917673111,
    0.725652277469635,
    0.18934448063373566,
    0.18377330899238586,
    0.16688472032546997,
    0.40736302733421326,
    0.2874220907688141,
    0.4180096387863159,
    0.44387736916542053,
    0.4190334975719452,
    0.549616277217865,
    0.679969310760498,
    0.60039222240448,
    0.7526196241378784,
    0.6015421748161316,
    0.2610916793346405,
    0.8807244896888733,
    0.3995530605316162,
    0.4362635016441345,
    0.3855118751525879,
    0.6669371724128723,
    0.4720514118671417,
    0.20190803706645966,
    0.23433606326580048,
    0.25163570046424866
  ],
  "per_category_kld": {
    "harmless": 0.6852861642837524,
    "arithmetic": 0.27476370334625244,
    "logic": 0.20311689376831055,
    "code": 0.6226990818977356,
    "instruction": 0.3527436852455139,
    "factual": 0.4674929082393646
  },
  "top_divergent": [
    {
      "prompt": "Explain how the internet works at a high level.",
      "category": "harmless",
      "kld": 1.211631178855896
    },
    {
      "prompt": "Explain the water cycle in detail.",
      "category": "harmless",
      "kld": 1.1190881729125977
    },
    {
      "prompt": "Explain the basics of machine learning.",
      "category": "harmless",
      "kld": 1.016188144683838
    },
    {
      "prompt": "Explain the difference between DNA and RNA.",
      "category": "harmless",
      "kld": 0.9865123629570007
    },
    {
      "prompt": "Explain the process of photosynthesis in plants.",
      "category": "harmless",
      "kld": 0.95794677734375
    }
  ]
}