{
  "mean_kld": 0.0030173282139003277,
  "median_kld": 0.0027380504179745913,
  "max_kld": 0.009990504942834377,
  "n_prompts": 149,
  "n_tokens_scored": 3387,
  "per_prompt_kld": [
    0.0025009261444211006,
    0.003758231410756707,
    0.00281508918851614,
    0.005375542212277651,
    0.0026607157196849585,
    0.0038130581378936768,
    0.002885520691052079,
    0.002679533325135708,
    0.0032080342061817646,
    0.0028334211092442274,
    0.0031931945122778416,
    0.004554423037916422,
    0.002207874320447445,
    0.002732935594394803,
    0.006447428837418556,
    0.003156500170007348,
    0.0028674753848463297,
    0.0029606700409203768,
    0.0023980748374015093,
    0.003444818314164877,
    0.004066392779350281,
    0.0022151859011501074,
    0.00515275401994586,
    0.0027263283263891935,
    0.002394667360931635,
    0.0037615024484694004,
    0.003605327568948269,
    0.002276969375088811,
    0.0027890740893781185,
    0.0026413360610604286,
    0.0022669106256216764,
    0.0028411319945007563,
    0.0029187751933932304,
    0.002199003705754876,
    0.004374958574771881,
    0.0027288668788969517,
    0.0037020770832896233,
    0.002891311189159751,
    0.003944973926991224,
    0.0027364371344447136,
    0.0032199195120483637,
    0.0032783092465251684,
    0.00273897941224277,
    0.006779997609555721,
    0.003501919098198414,
    0.0021001496352255344,
    0.00315741915255785,
    0.003951149061322212,
    0.0025535346940159798,
    0.0026677262503653765,
    0.00218642083927989,
    0.00210526748560369,
    0.0027380504179745913,
    0.003578788135200739,
    0.0023440481163561344,
    0.0018791925394907594,
    0.002791033359244466,
    0.002632375340908766,
    0.0026301403995603323,
    0.003085917793214321,
    0.00275835650973022,
    0.0018631782149896026,
    0.0023022068198770285,
    0.0026182488072663546,
    0.0022879708558321,
    0.002497507492080331,
    0.002203611424192786,
    0.0022130038123577833,
    0.002316271187737584,
    0.002135302172973752,
    0.007114754058420658,
    0.0023894701153039932,
    0.0023107356391847134,
    0.002216621534898877,
    0.004262849688529968,
    0.0024490123614668846,
    0.0016820759046822786,
    0.002324639353901148,
    0.0019404594786465168,
    0.0018023685552179813,
    0.0023540272377431393,
    0.003417924279347062,
    0.003390048397704959,
    0.0031394814141094685,
    0.0032216140534728765,
    0.0028508862014859915,
    0.0024764223489910364,
    0.0016812877729535103,
    0.0018963838228955865,
    0.0038138204254209995,
    0.0023146243765950203,
    0.0043364581651985645,
    0.0031370301730930805,
    0.0026039443910121918,
    0.002925664884969592,
    0.003001987235620618,
    0.003616193076595664,
    0.0033511891961097717,
    0.004238423891365528,
    0.0032621314749121666,
    0.002719591371715069,
    0.003199195023626089,
    0.0034435538109391928,
    0.003036170732229948,
    0.00401465455070138,
    0.0024471180513501167,
    0.003548886626958847,
    0.005652364809066057,
    0.003227147040888667,
    0.0023738860618323088,
    0.0028246098663657904,
    0.001685546012595296,
    0.002357182325795293,
    0.003988231066614389,
    0.0026773870922625065,
    0.0025143218226730824,
    0.002456045476719737,
    0.002487835241481662,
    0.0020506789442151785,
    0.002756166970357299,
    0.0023108262103050947,
    0.0020167494658380747,
    0.003369042184203863,
    0.0024050623178482056,
    0.0021926681511104107,
    0.002359247300773859,
    0.002841432811692357,
    0.002502093557268381,
    0.0019615839701145887,
    0.002137507079169154,
    0.003132156329229474,
    0.0022946924436837435,
    0.0027159464079886675,
    0.0033689504489302635,
    0.0034993505105376244,
    0.009990504942834377,
    0.0030422608833760023,
    0.0019863774068653584,
    0.0023402555380016565,
    0.0034206241834908724,
    0.0023932436015456915,
    0.004814209882169962,
    0.002471926622092724,
    0.0032480747904628515,
    0.006293334998190403,
    0.0029264765325933695,
    0.0026565738953649998,
    0.0018190424889326096,
    0.0022451020777225494
  ],
  "per_category_kld": {
    "harmless": 0.0032654860988259315,
    "arithmetic": 0.002484965603798628,
    "logic": 0.0027528181672096252,
    "code": 0.003394507570192218,
    "instruction": 0.002506529912352562,
    "factual": 0.0033398307859897614
  },
  "top_divergent": [
    {
      "prompt": "What is the Pythagorean theorem?",
      "category": "factual",
      "kld": 0.009990504942834377
    },
    {
      "prompt": "If it rains, the ground gets wet. The ground is dry. Did it rain?",
      "category": "logic",
      "kld": 0.007114754058420658
    },
    {
      "prompt": "What are the basics of data structures in CS?",
      "category": "harmless",
      "kld": 0.006779997609555721
    },
    {
      "prompt": "How do I learn a new programming language effectively?",
      "category": "harmless",
      "kld": 0.006447428837418556
    },
    {
      "prompt": "Describe the water treatment process.",
      "category": "factual",
      "kld": 0.006293334998190403
    }
  ]
}