{
  "mean_kld": 0.0032849935814738274,
  "median_kld": 0.0029969033785164356,
  "max_kld": 0.010389112867414951,
  "n_prompts": 149,
  "n_tokens_scored": 3387,
  "per_prompt_kld": [
    0.0028607407584786415,
    0.004136253148317337,
    0.003542989492416382,
    0.0039960588328540325,
    0.0029309226665645838,
    0.0038292512763291597,
    0.0032004148233681917,
    0.0029408480040729046,
    0.003356573171913624,
    0.0027969060465693474,
    0.00316025922074914,
    0.0058118016459047794,
    0.002481696428731084,
    0.0037949616089463234,
    0.007100067101418972,
    0.003834452712908387,
    0.0031178859062492847,
    0.0031490034889429808,
    0.002529238583520055,
    0.004166190512478352,
    0.0036012812051922083,
    0.0022525356616824865,
    0.006647853646427393,
    0.0030506898183375597,
    0.0028725808952003717,
    0.0038784316275268793,
    0.0035175010561943054,
    0.0024347517173737288,
    0.003144131973385811,
    0.0029969033785164356,
    0.002674245508387685,
    0.003020054427906871,
    0.0030251950956881046,
    0.00243834825232625,
    0.004380150232464075,
    0.0028881977777928114,
    0.0035035545006394386,
    0.0026890451554208994,
    0.0030453179497271776,
    0.0030245210509747267,
    0.003330228151753545,
    0.004218775313347578,
    0.002677853452041745,
    0.007086356170475483,
    0.004027223214507103,
    0.002484502037987113,
    0.0033866181038320065,
    0.003934580832719803,
    0.0028708975296467543,
    0.0026903182733803988,
    0.0019385440973564982,
    0.0023577152751386166,
    0.002990401815623045,
    0.003767814487218857,
    0.0023142220452427864,
    0.0020662155002355576,
    0.0031153843738138676,
    0.002274900209158659,
    0.0023953423369675875,
    0.003209059126675129,
    0.0028631289023905993,
    0.0020318191964179277,
    0.0022305964957922697,
    0.0027556915301829576,
    0.0023190504871308804,
    0.0021325889974832535,
    0.0024849982000887394,
    0.002739975228905678,
    0.0025175814516842365,
    0.0027355800848454237,
    0.00640057073906064,
    0.0022789067588746548,
    0.00219168234616518,
    0.002342402935028076,
    0.0037812425289303064,
    0.0027383333072066307,
    0.0019293272634968162,
    0.0023429354187101126,
    0.0021570147946476936,
    0.001998176798224449,
    0.002839259570464492,
    0.00403825007379055,
    0.0047714258544147015,
    0.003354092827066779,
    0.002318886574357748,
    0.004147312603890896,
    0.0032144084107130766,
    0.0018798484234139323,
    0.00202459329739213,
    0.005490347743034363,
    0.002841175301000476,
    0.004903423134237528,
    0.004035009071230888,
    0.0025496731977909803,
    0.0034715726505964994,
    0.003204147797077894,
    0.004845520947128534,
    0.0032320464961230755,
    0.0047105164267122746,
    0.003804135834798217,
    0.0030485058669000864,
    0.003190542571246624,
    0.004062437918037176,
    0.0034470807295292616,
    0.005568012595176697,
    0.0027419503312557936,
    0.004056689795106649,
    0.006428848020732403,
    0.004139293916523457,
    0.0026308041997253895,
    0.0030169144738465548,
    0.002082717139273882,
    0.002518758177757263,
    0.004461617209017277,
    0.0026852446608245373,
    0.002362859435379505,
    0.002740511205047369,
    0.0026639197021722794,
    0.0020826300606131554,
    0.0031327048782259226,
    0.003087041201069951,
    0.0022863750346004963,
    0.0028645775746554136,
    0.0023907124996185303,
    0.002403554506599903,
    0.0027178009040653706,
    0.003546824213117361,
    0.0029345485381782055,
    0.0020688585937023163,
    0.0024588298983871937,
    0.0035544310230761766,
    0.0025204659905284643,
    0.0023690382950007915,
    0.004428815562278032,
    0.0038908685091882944,
    0.010389112867414951,
    0.003802449908107519,
    0.002357084769755602,
    0.0031554237939417362,
    0.003457233775407076,
    0.0025337575934827328,
    0.005485656205564737,
    0.002572176279500127,
    0.0035850934218615294,
    0.005968327168375254,
    0.0027096224948763847,
    0.002436805749312043,
    0.0021435003727674484,
    0.0026769889518618584
  ],
  "per_category_kld": {
    "harmless": 0.003506914945319295,
    "arithmetic": 0.00255976733751595,
    "logic": 0.002974212635308504,
    "code": 0.003988546784967184,
    "instruction": 0.002733948640525341,
    "factual": 0.003624784294515848
  },
  "top_divergent": [
    {
      "prompt": "What is the Pythagorean theorem?",
      "category": "factual",
      "kld": 0.010389112867414951
    },
    {
      "prompt": "How do I learn a new programming language effectively?",
      "category": "harmless",
      "kld": 0.007100067101418972
    },
    {
      "prompt": "What are the basics of data structures in CS?",
      "category": "harmless",
      "kld": 0.007086356170475483
    },
    {
      "prompt": "What are the key features of Python programming?",
      "category": "harmless",
      "kld": 0.006647853646427393
    },
    {
      "prompt": "Write a function to implement a least-recently-used (LRU) cache with get/put.",
      "category": "code",
      "kld": 0.006428848020732403
    }
  ]
}