{
  "mean_kld": 0.4845709502696991,
  "median_kld": 0.4632539451122284,
  "max_kld": 1.154596209526062,
  "n_prompts": 149,
  "n_tokens_scored": 3347,
  "per_prompt_kld": [
    0.6875715851783752,
    0.5494361519813538,
    0.47396183013916016,
    0.608681857585907,
    0.8135830760002136,
    0.38319897651672363,
    1.095884919166565,
    0.6826561093330383,
    0.5202410817146301,
    1.1105843782424927,
    0.8546980023384094,
    0.4976634383201599,
    0.9699696898460388,
    0.676297128200531,
    0.5147398114204407,
    1.0147252082824707,
    0.6692709922790527,
    0.500948429107666,
    1.154596209526062,
    0.5683509707450867,
    0.44931522011756897,
    0.8646206855773926,
    0.5755758285522461,
    0.23360100388526917,
    0.7868514657020569,
    0.9401140213012695,
    0.7726511359214783,
    0.7375630140304565,
    0.8505704402923584,
    0.47211334109306335,
    0.7465285062789917,
    0.8245617747306824,
    0.5612868666648865,
    0.89533531665802,
    0.4826800525188446,
    0.8991917371749878,
    0.6304508447647095,
    0.7394230961799622,
    0.6874518394470215,
    0.7369793057441711,
    0.7270004153251648,
    0.3944680988788605,
    0.7888032793998718,
    0.8124380111694336,
    0.5625726580619812,
    0.7343313694000244,
    0.8268925547599792,
    0.620922327041626,
    0.7382053732872009,
    0.194906547665596,
    0.45055317878723145,
    0.3373159170150757,
    0.3423343598842621,
    0.1371680498123169,
    0.32677963376045227,
    0.1740318089723587,
    0.24469460546970367,
    0.27620431780815125,
    0.4106355905532837,
    0.25957736372947693,
    0.5915453433990479,
    0.21724671125411987,
    0.1910332292318344,
    0.24846167862415314,
    0.26305875182151794,
    0.3675577938556671,
    0.1984948217868805,
    0.16545747220516205,
    0.22098888456821442,
    0.22285710275173187,
    0.21470747888088226,
    0.20661449432373047,
    0.19368383288383484,
    0.16504576802253723,
    0.4895937144756317,
    0.23695987462997437,
    0.3902531862258911,
    0.31822749972343445,
    0.34430694580078125,
    0.3506027162075043,
    0.2534075975418091,
    0.48651066422462463,
    0.14389091730117798,
    0.2789071798324585,
    0.1284518539905548,
    0.1625632345676422,
    0.18638870120048523,
    0.21778275072574615,
    0.2195252925157547,
    0.7146088480949402,
    0.5782780647277832,
    0.7051151990890503,
    0.8356744647026062,
    0.6957322955131531,
    0.5160431861877441,
    0.790255606174469,
    0.782497227191925,
    0.46071287989616394,
    0.8351070880889893,
    0.5925933718681335,
    0.6142562627792358,
    0.625296950340271,
    0.5411569476127625,
    0.5589331388473511,
    0.11041983217000961,
    0.640772819519043,
    0.5201447606086731,
    0.5332474708557129,
    0.15690405666828156,
    0.3778674006462097,
    0.25848913192749023,
    0.27620452642440796,
    0.21300356090068817,
    0.3644944131374359,
    0.39981743693351746,
    0.25792205333709717,
    0.8250870704650879,
    0.3856632709503174,
    0.18754975497722626,
    0.23063643276691437,
    0.2784340977668762,
    0.35254967212677,
    0.7317723631858826,
    0.308897465467453,
    0.11005508899688721,
    0.7219491600990295,
    0.1854674071073532,
    0.12797147035598755,
    0.14478343725204468,
    0.33526498079299927,
    0.21553491055965424,
    0.281914621591568,
    0.4602632522583008,
    0.3529079258441925,
    0.4370292127132416,
    0.7031728029251099,
    0.6089493036270142,
    0.6783692240715027,
    0.5224713683128357,
    0.24375467002391815,
    0.8968615531921387,
    0.3680519759654999,
    0.4029638171195984,
    0.423525333404541,
    0.46835628151893616,
    0.4632539451122284,
    0.14644964039325714,
    0.1575397402048111,
    0.22018787264823914
  ],
  "per_category_kld": {
    "harmless": 0.7028481364250183,
    "arithmetic": 0.28090232610702515,
    "logic": 0.2605140507221222,
    "code": 0.5903874635696411,
    "instruction": 0.3369307816028595,
    "factual": 0.41934114694595337
  },
  "top_divergent": [
    {
      "prompt": "Explain how the internet works at a high level.",
      "category": "harmless",
      "kld": 1.154596209526062
    },
    {
      "prompt": "Explain the water cycle in detail.",
      "category": "harmless",
      "kld": 1.1105843782424927
    },
    {
      "prompt": "Explain the difference between DNA and RNA.",
      "category": "harmless",
      "kld": 1.095884919166565
    },
    {
      "prompt": "Explain the basics of machine learning.",
      "category": "harmless",
      "kld": 1.0147252082824707
    },
    {
      "prompt": "Explain the process of photosynthesis in plants.",
      "category": "harmless",
      "kld": 0.9699696898460388
    }
  ]
}