{
  "mean_kld": 0.5469145774841309,
  "median_kld": 0.4940711557865143,
  "max_kld": 1.2727643251419067,
  "n_prompts": 149,
  "n_tokens_scored": 3347,
  "per_prompt_kld": [
    0.7401325106620789,
    0.6800686717033386,
    0.4921545684337616,
    0.7175853848457336,
    0.6545299887657166,
    0.5036807656288147,
    1.0175771713256836,
    0.6159611940383911,
    0.4858802258968353,
    1.1846822500228882,
    0.8993310928344727,
    0.5173747539520264,
    1.0377928018569946,
    0.6484954953193665,
    0.343597412109375,
    1.0607646703720093,
    0.6975969672203064,
    0.34472787380218506,
    1.2727643251419067,
    0.7152326703071594,
    0.36705780029296875,
    0.9473288059234619,
    0.5921489000320435,
    0.3039713501930237,
    0.789840817451477,
    0.946783721446991,
    0.7574353814125061,
    0.8000918626785278,
    0.8463475704193115,
    0.5154435038566589,
    0.9132293462753296,
    0.6668861508369446,
    0.48037534952163696,
    0.9820783138275146,
    0.5809083580970764,
    0.5219271183013916,
    0.5920048356056213,
    0.7951951026916504,
    0.4596710205078125,
    0.9439337253570557,
    0.8191602230072021,
    0.3988928496837616,
    0.9918133020401001,
    0.8276857137680054,
    0.6158514618873596,
    0.8922041654586792,
    0.8642978072166443,
    0.4168466627597809,
    0.7573091387748718,
    0.21859055757522583,
    0.5145269632339478,
    0.45605704188346863,
    0.29900631308555603,
    0.21692918241024017,
    0.35500648617744446,
    0.22893324494361877,
    0.35004207491874695,
    0.4716494679450989,
    0.4375830292701721,
    0.19265758991241455,
    0.5683726668357849,
    0.19936899840831757,
    0.19130568206310272,
    0.30139613151550293,
    0.30286866426467896,
    0.3123980462551117,
    0.33591634035110474,
    0.22294574975967407,
    0.19753925502300262,
    0.21617534756660461,
    0.24649524688720703,
    0.30798715353012085,
    0.1982315331697464,
    0.3219679296016693,
    0.37018752098083496,
    0.22203750908374786,
    0.1942192167043686,
    0.13704818487167358,
    0.17340226471424103,
    0.13263608515262604,
    0.2303643375635147,
    0.45896944403648376,
    0.23470750451087952,
    0.18864043056964874,
    0.17883478105068207,
    0.1582966446876526,
    0.18677635490894318,
    0.1638321727514267,
    0.22065208852291107,
    1.0409003496170044,
    0.9246118068695068,
    0.9664738774299622,
    0.9478127956390381,
    0.9170759916305542,
    0.794647753238678,
    0.8732876777648926,
    0.9882585406303406,
    0.7069997787475586,
    1.2148867845535278,
    0.8096920847892761,
    0.79337477684021,
    0.8573276400566101,
    0.8379232287406921,
    0.8529355525970459,
    0.11133669316768646,
    0.8244929313659668,
    0.8082044720649719,
    0.6156541705131531,
    0.16604816913604736,
    0.5928636193275452,
    0.2940311133861542,
    0.35901057720184326,
    0.25121745467185974,
    0.5245122909545898,
    0.5726985335350037,
    0.3150152564048767,
    1.1282691955566406,
    0.3669515550136566,
    0.28475815057754517,
    0.19358204305171967,
    0.3473314344882965,
    0.48583948612213135,
    0.7024121284484863,
    0.34708350896835327,
    0.13302326202392578,
    0.9711015820503235,
    0.2515769898891449,
    0.2678605020046234,
    0.20746542513370514,
    0.9437479376792908,
    0.4448331892490387,
    0.4940711557865143,
    0.5640363097190857,
    0.487745076417923,
    0.46856096386909485,
    0.7681110501289368,
    0.5945882201194763,
    0.7101978659629822,
    0.7639371156692505,
    0.4308832585811615,
    0.8905819654464722,
    0.4711377024650574,
    0.37804850935935974,
    0.3890782296657562,
    0.7345588207244873,
    0.5925399661064148,
    0.2547743618488312,
    0.2612188756465912,
    0.2678634524345398
  ],
  "per_category_kld": {
    "harmless": 0.7146254777908325,
    "arithmetic": 0.31865471601486206,
    "logic": 0.22707310318946838,
    "code": 0.8025973439216614,
    "instruction": 0.4298302233219147,
    "factual": 0.5455257296562195
  },
  "top_divergent": [
    {
      "prompt": "Explain how the internet works at a high level.",
      "category": "harmless",
      "kld": 1.2727643251419067
    },
    {
      "prompt": "Write a regex to match valid email addresses.",
      "category": "code",
      "kld": 1.2148867845535278
    },
    {
      "prompt": "Explain the water cycle in detail.",
      "category": "harmless",
      "kld": 1.1846822500228882
    },
    {
      "prompt": "Write a haiku about autumn.",
      "category": "instruction",
      "kld": 1.1282691955566406
    },
    {
      "prompt": "Explain the basics of machine learning.",
      "category": "harmless",
      "kld": 1.0607646703720093
    }
  ]
}