{
  "mean_kld": 0.3534679412841797,
  "median_kld": 0.3124476969242096,
  "max_kld": 1.0488500595092773,
  "n_prompts": 149,
  "n_tokens_scored": 3347,
  "per_prompt_kld": [
    0.5073295831680298,
    0.40990152955055237,
    0.28841540217399597,
    0.5374235510826111,
    0.3854696452617645,
    0.3018498718738556,
    0.7427754402160645,
    0.38337624073028564,
    0.2764263451099396,
    0.9727413058280945,
    0.5787332653999329,
    0.2747829854488373,
    0.795252799987793,
    0.44273582100868225,
    0.1850319504737854,
    0.7677229642868042,
    0.37573087215423584,
    0.19493956863880157,
    1.0488500595092773,
    0.42174479365348816,
    0.21246373653411865,
    0.7729399800300598,
    0.3537023663520813,
    0.17382313311100006,
    0.6213998198509216,
    0.6315631866455078,
    0.5161532759666443,
    0.5841460824012756,
    0.5262934565544128,
    0.3124476969242096,
    0.7012542486190796,
    0.4451982080936432,
    0.17896918952465057,
    0.7505598664283752,
    0.3179873526096344,
    0.28422918915748596,
    0.49279898405075073,
    0.4687563478946686,
    0.22997401654720306,
    0.7217345833778381,
    0.5131433010101318,
    0.2179386168718338,
    0.7125853300094604,
    0.5343379378318787,
    0.3471023440361023,
    0.6925567984580994,
    0.4903683364391327,
    0.17885486781597137,
    0.5857498645782471,
    0.11351542919874191,
    0.31283220648765564,
    0.28102779388427734,
    0.1988976150751114,
    0.10679399222135544,
    0.20458722114562988,
    0.11845724284648895,
    0.2393817901611328,
    0.18429289758205414,
    0.2784237265586853,
    0.11302641034126282,
    0.4053257703781128,
    0.12682147324085236,
    0.14680160582065582,
    0.14402683079242706,
    0.19089026749134064,
    0.20028938353061676,
    0.23262014985084534,
    0.1380741447210312,
    0.10025499761104584,
    0.13204547762870789,
    0.12280159443616867,
    0.18512475490570068,
    0.13552802801132202,
    0.21175338327884674,
    0.35770443081855774,
    0.11499691009521484,
    0.08073456585407257,
    0.07428465783596039,
    0.08663811534643173,
    0.06394708901643753,
    0.12275242805480957,
    0.40243762731552124,
    0.10571078956127167,
    0.08483978360891342,
    0.1027795746922493,
    0.08315106481313705,
    0.10996973514556885,
    0.0969945415854454,
    0.12614105641841888,
    0.6341508030891418,
    0.6189680695533752,
    0.6058902740478516,
    0.5702030658721924,
    0.6298379898071289,
    0.5292821526527405,
    0.5562464594841003,
    0.5889144539833069,
    0.44897857308387756,
    0.7043131589889526,
    0.5195834040641785,
    0.51148921251297,
    0.5519787073135376,
    0.5368432998657227,
    0.5620415806770325,
    0.062154948711395264,
    0.5615652203559875,
    0.4969932734966278,
    0.3761744201183319,
    0.08946919441223145,
    0.34803375601768494,
    0.19086092710494995,
    0.2121959775686264,
    0.1483004242181778,
    0.3346211612224579,
    0.34124836325645447,
    0.202146515250206,
    0.7245992422103882,
    0.20433127880096436,
    0.19969356060028076,
    0.1028323769569397,
    0.2364669293165207,
    0.3039873242378235,
    0.46033841371536255,
    0.2905406951904297,
    0.07116292417049408,
    0.624181866645813,
    0.13927288353443146,
    0.1653461754322052,
    0.13455970585346222,
    0.6857343316078186,
    0.2133554220199585,
    0.33371323347091675,
    0.3327275812625885,
    0.3252626359462738,
    0.28782665729522705,
    0.6218552589416504,
    0.3641055226325989,
    0.5276753306388855,
    0.3810875713825226,
    0.25948700308799744,
    0.6639106869697571,
    0.29450079798698425,
    0.2189180999994278,
    0.2524155080318451,
    0.3722444772720337,
    0.3922218978404999,
    0.11695922911167145,
    0.17861710488796234,
    0.15736396610736847
  ],
  "per_category_kld": {
    "harmless": 0.47878095507621765,
    "arithmetic": 0.191817045211792,
    "logic": 0.14001677930355072,
    "code": 0.5077539682388306,
    "instruction": 0.2717360258102417,
    "factual": 0.34899911284446716
  },
  "top_divergent": [
    {
      "prompt": "Explain how the internet works at a high level.",
      "category": "harmless",
      "kld": 1.0488500595092773
    },
    {
      "prompt": "Explain the water cycle in detail.",
      "category": "harmless",
      "kld": 0.9727413058280945
    },
    {
      "prompt": "Explain the process of photosynthesis in plants.",
      "category": "harmless",
      "kld": 0.795252799987793
    },
    {
      "prompt": "Explain the process of mitosis and meiosis.",
      "category": "harmless",
      "kld": 0.7729399800300598
    },
    {
      "prompt": "Explain the basics of machine learning.",
      "category": "harmless",
      "kld": 0.7677229642868042
    }
  ]
}