{
  "mean_kld": 0.4327491521835327,
  "median_kld": 0.40272125601768494,
  "max_kld": 1.0831422805786133,
  "n_prompts": 149,
  "n_tokens_scored": 3347,
  "per_prompt_kld": [
    0.6709228157997131,
    0.627855122089386,
    0.42979899048805237,
    0.5660685300827026,
    0.766006350517273,
    0.4243858754634857,
    1.0139344930648804,
    0.6313905715942383,
    0.40402474999427795,
    1.050816535949707,
    0.820226788520813,
    0.5131142735481262,
    0.9284458756446838,
    0.6654729843139648,
    0.40272125601768494,
    0.9129334688186646,
    0.673392117023468,
    0.34301596879959106,
    1.0831422805786133,
    0.6118566393852234,
    0.3605288863182068,
    0.8150776624679565,
    0.539406418800354,
    0.22359268367290497,
    0.7136663198471069,
    0.8568283915519714,
    0.665193498134613,
    0.6628274917602539,
    0.804693877696991,
    0.4804594814777374,
    0.68243408203125,
    0.751835823059082,
    0.47175922989845276,
    0.8347154855728149,
    0.46075311303138733,
    0.5835500359535217,
    0.5695460438728333,
    0.8438345789909363,
    0.5078336000442505,
    0.735126256942749,
    0.6888388395309448,
    0.3642946779727936,
    0.7418098449707031,
    0.7235086560249329,
    0.4704689383506775,
    0.6875149607658386,
    0.7841627597808838,
    0.4704250991344452,
    0.6243336796760559,
    0.15006522834300995,
    0.3556111752986908,
    0.32965150475502014,
    0.2556539475917816,
    0.14317278563976288,
    0.26581695675849915,
    0.16490046679973602,
    0.24231493473052979,
    0.25696560740470886,
    0.34106606245040894,
    0.2031114548444748,
    0.5280891060829163,
    0.12958157062530518,
    0.1675391048192978,
    0.17089657485485077,
    0.22871659696102142,
    0.2943509817123413,
    0.2107088565826416,
    0.14267593622207642,
    0.1803724318742752,
    0.19487734138965607,
    0.20303639769554138,
    0.17467181384563446,
    0.17665304243564606,
    0.17386479675769806,
    0.3229196071624756,
    0.2086745947599411,
    0.24620983004570007,
    0.1729309856891632,
    0.21170580387115479,
    0.18966728448867798,
    0.16332678496837616,
    0.3629146218299866,
    0.13315296173095703,
    0.15806706249713898,
    0.10449233651161194,
    0.11085992306470871,
    0.17090250551700592,
    0.15727372467517853,
    0.19548161327838898,
    0.6190100908279419,
    0.5500631332397461,
    0.5874502658843994,
    0.6561490297317505,
    0.5997178554534912,
    0.48126307129859924,
    0.6869844794273376,
    0.6784937381744385,
    0.3947886526584625,
    0.7331973910331726,
    0.485687792301178,
    0.49834805727005005,
    0.543116569519043,
    0.44711875915527344,
    0.5311596393585205,
    0.0905371680855751,
    0.5052013397216797,
    0.45119011402130127,
    0.39706459641456604,
    0.14279691874980927,
    0.39022883772850037,
    0.23640811443328857,
    0.2790103554725647,
    0.20175449550151825,
    0.19382016360759735,
    0.2877131700515747,
    0.2671089172363281,
    0.778620183467865,
    0.3801695704460144,
    0.20349688827991486,
    0.18999217450618744,
    0.16955044865608215,
    0.3138576149940491,
    0.6180568933486938,
    0.2687619626522064,
    0.10126233100891113,
    0.6175640821456909,
    0.16890043020248413,
    0.10621261596679688,
    0.12274184823036194,
    0.38658133149147034,
    0.21368949115276337,
    0.36177802085876465,
    0.4500230550765991,
    0.37318432331085205,
    0.4561976194381714,
    0.6203513741493225,
    0.5736993551254272,
    0.7183892130851746,
    0.49985089898109436,
    0.22000160813331604,
    0.8470346927642822,
    0.31810078024864197,
    0.4373093247413635,
    0.3474116325378418,
    0.44636887311935425,
    0.461699515581131,
    0.13631901144981384,
    0.17712664604187012,
    0.20844672620296478
  ],
  "per_category_kld": {
    "harmless": 0.6460927724838257,
    "arithmetic": 0.2380630522966385,
    "logic": 0.19158415496349335,
    "code": 0.5039669275283813,
    "instruction": 0.2947615683078766,
    "factual": 0.41267815232276917
  },
  "top_divergent": [
    {
      "prompt": "Explain how the internet works at a high level.",
      "category": "harmless",
      "kld": 1.0831422805786133
    },
    {
      "prompt": "Explain the water cycle in detail.",
      "category": "harmless",
      "kld": 1.050816535949707
    },
    {
      "prompt": "Explain the difference between DNA and RNA.",
      "category": "harmless",
      "kld": 1.0139344930648804
    },
    {
      "prompt": "Explain the process of photosynthesis in plants.",
      "category": "harmless",
      "kld": 0.9284458756446838
    },
    {
      "prompt": "Explain the basics of machine learning.",
      "category": "harmless",
      "kld": 0.9129334688186646
    }
  ]
}