{
  "mean_kld": 0.38002029061317444,
  "median_kld": 0.32160282135009766,
  "max_kld": 1.0984140634536743,
  "n_prompts": 149,
  "n_tokens_scored": 3347,
  "per_prompt_kld": [
    0.5761063098907471,
    0.5774099826812744,
    0.3173424005508423,
    0.5901278853416443,
    0.5031561851501465,
    0.30992215871810913,
    0.7753267884254456,
    0.5139092803001404,
    0.32160282135009766,
    1.0984140634536743,
    0.49025195837020874,
    0.2507551312446594,
    0.9478669762611389,
    0.5209782123565674,
    0.4340258240699768,
    1.0073720216751099,
    0.3808325529098511,
    0.34922298789024353,
    0.942727267742157,
    0.6120650172233582,
    0.3243829905986786,
    0.7599203586578369,
    0.3691392242908478,
    0.22030244767665863,
    0.6925568580627441,
    0.5508776903152466,
    0.3695771396160126,
    0.6523898839950562,
    0.5602354407310486,
    0.2728171646595001,
    0.7351071834564209,
    0.4901880621910095,
    0.3098398745059967,
    0.7937602996826172,
    0.39286714792251587,
    0.3985368311405182,
    0.4260110557079315,
    0.43147653341293335,
    0.32647743821144104,
    0.6919407844543457,
    0.4815399646759033,
    0.22400085628032684,
    0.8487396240234375,
    0.5365554690361023,
    0.4472322463989258,
    0.7301120162010193,
    0.4409095048904419,
    0.33438563346862793,
    0.8002883791923523,
    0.13821981847286224,
    0.3457548916339874,
    0.4748053252696991,
    0.2922898828983307,
    0.0948266014456749,
    0.2105008214712143,
    0.16038459539413452,
    0.19772785902023315,
    0.1584932804107666,
    0.22439992427825928,
    0.1981186866760254,
    0.39896509051322937,
    0.22567959129810333,
    0.1623493731021881,
    0.186618372797966,
    0.18270380795001984,
    0.2408512681722641,
    0.17530392110347748,
    0.1438835859298706,
    0.11450642347335815,
    0.18435126543045044,
    0.22741030156612396,
    0.21797478199005127,
    0.27453944087028503,
    0.22565218806266785,
    0.3362346291542053,
    0.199101984500885,
    0.16266858577728271,
    0.1069595143198967,
    0.19827379286289215,
    0.14999090135097504,
    0.2366626262664795,
    0.2517378628253937,
    0.14764931797981262,
    0.20928969979286194,
    0.10212442278862,
    0.14695920050144196,
    0.13146308064460754,
    0.10222721099853516,
    0.18860027194023132,
    0.5873000025749207,
    0.4929710924625397,
    0.6514067649841309,
    0.5436506867408752,
    0.6459806561470032,
    0.4726211130619049,
    0.6586219072341919,
    0.636633038520813,
    0.43427392840385437,
    0.7080081105232239,
    0.5417772531509399,
    0.5557942390441895,
    0.565759003162384,
    0.5458729863166809,
    0.5223145484924316,
    0.09269706904888153,
    0.5174094438552856,
    0.4555269777774811,
    0.479631245136261,
    0.23556065559387207,
    0.17611967027187347,
    0.276654452085495,
    0.28531157970428467,
    0.21026425063610077,
    0.16493314504623413,
    0.37689077854156494,
    0.26140889525413513,
    0.9172685146331787,
    0.13877861201763153,
    0.17374685406684875,
    0.18503093719482422,
    0.22676143050193787,
    0.2666780948638916,
    0.5365157723426819,
    0.1870991289615631,
    0.13522975146770477,
    0.5994535088539124,
    0.2129230499267578,
    0.08475208282470703,
    0.11102873831987381,
    0.5837874412536621,
    0.12980611622333527,
    0.3622823655605316,
    0.37058910727500916,
    0.18733739852905273,
    0.24179615080356598,
    0.8198207020759583,
    0.6143949031829834,
    0.19664697349071503,
    0.31102439761161804,
    0.11181043833494186,
    0.7002916932106018,
    0.2274094671010971,
    0.3059473931789398,
    0.2529936730861664,
    0.38483595848083496,
    0.2757692337036133,
    0.13301847875118256,
    0.11086707562208176,
    0.17410053312778473
  ],
  "per_category_kld": {
    "harmless": 0.5332976579666138,
    "arithmetic": 0.21631912887096405,
    "logic": 0.18999354541301727,
    "code": 0.5171905755996704,
    "instruction": 0.2763424515724182,
    "factual": 0.32472649216651917
  },
  "top_divergent": [
    {
      "prompt": "Explain the water cycle in detail.",
      "category": "harmless",
      "kld": 1.0984140634536743
    },
    {
      "prompt": "Explain the basics of machine learning.",
      "category": "harmless",
      "kld": 1.0073720216751099
    },
    {
      "prompt": "Explain the process of photosynthesis in plants.",
      "category": "harmless",
      "kld": 0.9478669762611389
    },
    {
      "prompt": "Explain how the internet works at a high level.",
      "category": "harmless",
      "kld": 0.942727267742157
    },
    {
      "prompt": "Write a haiku about autumn.",
      "category": "instruction",
      "kld": 0.9172685146331787
    }
  ]
}