{
  "mean_kld": 0.3793192207813263,
  "median_kld": 0.3374551832675934,
  "max_kld": 1.1210283041000366,
  "n_prompts": 149,
  "n_tokens_scored": 3347,
  "per_prompt_kld": [
    0.558765172958374,
    0.42394953966140747,
    0.28031009435653687,
    0.5259843468666077,
    0.4440900981426239,
    0.33641356229782104,
    0.7978030443191528,
    0.39515990018844604,
    0.33247503638267517,
    1.0116537809371948,
    0.5541661381721497,
    0.2766116261482239,
    0.8606658577919006,
    0.3482869565486908,
    0.2962064743041992,
    0.9249457120895386,
    0.4079725742340088,
    0.26617231965065,
    1.1210283041000366,
    0.45404887199401855,
    0.3438328504562378,
    0.7375534176826477,
    0.38962695002555847,
    0.19608436524868011,
    0.636881411075592,
    0.5983183979988098,
    0.5402769446372986,
    0.5669327974319458,
    0.5357643961906433,
    0.3449092507362366,
    0.7713135480880737,
    0.42624056339263916,
    0.3015535771846771,
    0.7473930716514587,
    0.2974986135959625,
    0.4286997616291046,
    0.3630684018135071,
    0.7420123219490051,
    0.2804180681705475,
    0.6803587079048157,
    0.4334035813808441,
    0.23212657868862152,
    0.7447692155838013,
    0.6140031814575195,
    0.38991498947143555,
    0.6201500296592712,
    0.46754923462867737,
    0.24066992104053497,
    0.5981177091598511,
    0.14606638252735138,
    0.42769649624824524,
    0.34785521030426025,
    0.2845973074436188,
    0.09999647736549377,
    0.2555736303329468,
    0.1473035216331482,
    0.2281305193901062,
    0.19144190847873688,
    0.2646149694919586,
    0.15299835801124573,
    0.49223992228507996,
    0.16975581645965576,
    0.1756017655134201,
    0.13942258059978485,
    0.20395179092884064,
    0.34270983934402466,
    0.21126288175582886,
    0.13670091331005096,
    0.1468573659658432,
    0.16253076493740082,
    0.1669367104768753,
    0.14879940450191498,
    0.23428165912628174,
    0.20483790338039398,
    0.44910281896591187,
    0.17089548707008362,
    0.20874549448490143,
    0.1608702689409256,
    0.2631479799747467,
    0.14524155855178833,
    0.19550369679927826,
    0.4399225413799286,
    0.13941599428653717,
    0.18121622502803802,
    0.0885181725025177,
    0.0913047268986702,
    0.14673581719398499,
    0.12542451918125153,
    0.17497844994068146,
    0.6676075458526611,
    0.6409112811088562,
    0.7159909009933472,
    0.6175699234008789,
    0.696068286895752,
    0.5423566699028015,
    0.6823042035102844,
    0.6406208872795105,
    0.47120195627212524,
    0.7159673571586609,
    0.5342289209365845,
    0.5190404057502747,
    0.5592824220657349,
    0.5380155444145203,
    0.5413622856140137,
    0.06943056732416153,
    0.5717219710350037,
    0.5103064775466919,
    0.47826439142227173,
    0.13355840742588043,
    0.27871668338775635,
    0.16066575050354004,
    0.19386069476604462,
    0.161434605717659,
    0.38179153203964233,
    0.3575667440891266,
    0.16329361498355865,
    0.7566471099853516,
    0.17964065074920654,
    0.21454118192195892,
    0.16891944408416748,
    0.3010411262512207,
    0.2593492865562439,
    0.6904305815696716,
    0.3374551832675934,
    0.0761263445019722,
    0.7060881853103638,
    0.1691075712442398,
    0.12283618748188019,
    0.13095930218696594,
    0.46492213010787964,
    0.1780189573764801,
    0.318336546421051,
    0.34272921085357666,
    0.2788796126842499,
    0.2697235643863678,
    0.58680659532547,
    0.4515574872493744,
    0.4471590220928192,
    0.2780340313911438,
    0.23734226822853088,
    0.6861308813095093,
    0.30312466621398926,
    0.22363713383674622,
    0.25360414385795593,
    0.3376784920692444,
    0.36889132857322693,
    0.11523332446813583,
    0.18188144266605377,
    0.1892467886209488
  ],
  "per_category_kld": {
    "harmless": 0.507880687713623,
    "arithmetic": 0.22823886573314667,
    "logic": 0.19492051005363464,
    "code": 0.5422905087471008,
    "instruction": 0.29052358865737915,
    "factual": 0.32564687728881836
  },
  "top_divergent": [
    {
      "prompt": "Explain how the internet works at a high level.",
      "category": "harmless",
      "kld": 1.1210283041000366
    },
    {
      "prompt": "Explain the water cycle in detail.",
      "category": "harmless",
      "kld": 1.0116537809371948
    },
    {
      "prompt": "Explain the basics of machine learning.",
      "category": "harmless",
      "kld": 0.9249457120895386
    },
    {
      "prompt": "Explain the process of photosynthesis in plants.",
      "category": "harmless",
      "kld": 0.8606658577919006
    },
    {
      "prompt": "Explain the difference between DNA and RNA.",
      "category": "harmless",
      "kld": 0.7978030443191528
    }
  ]
}