{
  "mean_kld": 0.305595338344574,
  "median_kld": 0.26864466071128845,
  "max_kld": 0.9738797545433044,
  "n_prompts": 149,
  "n_tokens_scored": 3347,
  "per_prompt_kld": [
    0.4435198903083801,
    0.3171638250350952,
    0.30717650055885315,
    0.4706542491912842,
    0.3445511758327484,
    0.29711589217185974,
    0.659278392791748,
    0.28346556425094604,
    0.39088693261146545,
    0.8790712952613831,
    0.460232675075531,
    0.21433451771736145,
    0.7225444316864014,
    0.2556900084018707,
    0.39838042855262756,
    0.8459961414337158,
    0.36417055130004883,
    0.31943273544311523,
    0.9738797545433044,
    0.355015367269516,
    0.34703660011291504,
    0.6371350288391113,
    0.26864466071128845,
    0.16294659674167633,
    0.5490185618400574,
    0.4454679787158966,
    0.5281895995140076,
    0.5068790912628174,
    0.3816550672054291,
    0.23795810341835022,
    0.7010695934295654,
    0.33415380120277405,
    0.3596145510673523,
    0.6572284698486328,
    0.23530595004558563,
    0.5146878957748413,
    0.27192074060440063,
    0.37510234117507935,
    0.3216722011566162,
    0.6081722378730774,
    0.31309378147125244,
    0.15338453650474548,
    0.6144559979438782,
    0.32014548778533936,
    0.3723377287387848,
    0.5599689483642578,
    0.330499529838562,
    0.3418274521827698,
    0.5153132081031799,
    0.0977841168642044,
    0.3222418427467346,
    0.26067760586738586,
    0.20533651113510132,
    0.06129273772239685,
    0.163996160030365,
    0.0920896828174591,
    0.15653325617313385,
    0.13325564563274384,
    0.20182694494724274,
    0.09486924111843109,
    0.2942933142185211,
    0.10652043670415878,
    0.1389579325914383,
    0.10115884244441986,
    0.12911662459373474,
    0.1845090240240097,
    0.14857029914855957,
    0.10070516914129257,
    0.121718630194664,
    0.13482917845249176,
    0.12707555294036865,
    0.09550552815198898,
    0.17856504023075104,
    0.14291086792945862,
    0.27060413360595703,
    0.10097061097621918,
    0.16127203404903412,
    0.11987514048814774,
    0.20550036430358887,
    0.11900417506694794,
    0.14425259828567505,
    0.2972937822341919,
    0.09020684659481049,
    0.13907191157341003,
    0.07638207077980042,
    0.07200385630130768,
    0.08968719840049744,
    0.10145498067140579,
    0.14759457111358643,
    0.5452837944030762,
    0.527432918548584,
    0.6196781992912292,
    0.49768054485321045,
    0.551999032497406,
    0.4569799304008484,
    0.575151801109314,
    0.5299209952354431,
    0.36594679951667786,
    0.5932455062866211,
    0.4589555263519287,
    0.4150794744491577,
    0.4707874655723572,
    0.45013999938964844,
    0.45161160826683044,
    0.0545414574444294,
    0.4430290162563324,
    0.4328581988811493,
    0.371074914932251,
    0.11895138025283813,
    0.24605774879455566,
    0.18080002069473267,
    0.13353584706783295,
    0.11345668882131577,
    0.22362050414085388,
    0.2674824595451355,
    0.10149919241666794,
    0.6399160027503967,
    0.14580461382865906,
    0.16773253679275513,
    0.10981951653957367,
    0.2292381078004837,
    0.22289025783538818,
    0.5222012400627136,
    0.22630828619003296,
    0.07032765448093414,
    0.5810502767562866,
    0.14774632453918457,
    0.09484066069126129,
    0.09051372855901718,
    0.22577455639839172,
    0.1329561024904251,
    0.2003326117992401,
    0.25317245721817017,
    0.2031574249267578,
    0.19937941431999207,
    0.4798703193664551,
    0.42901235818862915,
    0.3242681622505188,
    0.2773403227329254,
    0.12208374589681625,
    0.5694662928581238,
    0.2270766794681549,
    0.1715042144060135,
    0.17359451949596405,
    0.30028054118156433,
    0.26944291591644287,
    0.09624096006155014,
    0.10833427309989929,
    0.12826937437057495
  ],
  "per_category_kld": {
    "harmless": 0.4340294897556305,
    "arithmetic": 0.15577271580696106,
    "logic": 0.140703022480011,
    "code": 0.4465174078941345,
    "instruction": 0.22574207186698914,
    "factual": 0.24457788467407227
  },
  "top_divergent": [
    {
      "prompt": "Explain how the internet works at a high level.",
      "category": "harmless",
      "kld": 0.9738797545433044
    },
    {
      "prompt": "Explain the water cycle in detail.",
      "category": "harmless",
      "kld": 0.8790712952613831
    },
    {
      "prompt": "Explain the basics of machine learning.",
      "category": "harmless",
      "kld": 0.8459961414337158
    },
    {
      "prompt": "Explain the process of photosynthesis in plants.",
      "category": "harmless",
      "kld": 0.7225444316864014
    },
    {
      "prompt": "Explain the nitrogen cycle in ecology.",
      "category": "harmless",
      "kld": 0.7010695934295654
    }
  ]
}