{
  "mean_kld": 0.1259644776582718,
  "median_kld": 0.10065153986215591,
  "max_kld": 0.37706127762794495,
  "n_prompts": 149,
  "n_tokens_scored": 3347,
  "per_prompt_kld": [
    0.1322314292192459,
    0.12911102175712585,
    0.08760394901037216,
    0.24862688779830933,
    0.15431997179985046,
    0.12242572754621506,
    0.29923319816589355,
    0.17606401443481445,
    0.15437668561935425,
    0.37706127762794495,
    0.2067270576953888,
    0.10003906488418579,
    0.29844075441360474,
    0.15533991158008575,
    0.07436427474021912,
    0.2782762944698334,
    0.20069672167301178,
    0.09055469185113907,
    0.12078800052404404,
    0.17786559462547302,
    0.07773660868406296,
    0.32348233461380005,
    0.1570148468017578,
    0.06921679526567459,
    0.25876882672309875,
    0.2773404121398926,
    0.10834852606058121,
    0.2561010718345642,
    0.24289759993553162,
    0.12711241841316223,
    0.26806625723838806,
    0.17764587700366974,
    0.07775391638278961,
    0.37119048833847046,
    0.11304017156362534,
    0.10382095724344254,
    0.14000731706619263,
    0.1580251306295395,
    0.08251920342445374,
    0.2724490463733673,
    0.18216200172901154,
    0.07956375181674957,
    0.2883744239807129,
    0.2316877543926239,
    0.09160078316926956,
    0.2525087594985962,
    0.2701554000377655,
    0.11021300405263901,
    0.25801587104797363,
    0.03936297819018364,
    0.1427742838859558,
    0.09357475489377975,
    0.10065153986215591,
    0.03959183394908905,
    0.06871089339256287,
    0.06063386797904968,
    0.08292004466056824,
    0.03996846079826355,
    0.07429983466863632,
    0.050024066120386124,
    0.19255323708057404,
    0.06018965691328049,
    0.05695447325706482,
    0.0553538054227829,
    0.0605376772582531,
    0.029287254437804222,
    0.06906108558177948,
    0.06194823607802391,
    0.041334085166454315,
    0.05905472859740257,
    0.15098069608211517,
    0.07437416166067123,
    0.05947435647249222,
    0.1370847076177597,
    0.08291587978601456,
    0.046229224652051926,
    0.06375657021999359,
    0.03500160202383995,
    0.071556456387043,
    0.06436330080032349,
    0.09918692708015442,
    0.10147684067487717,
    0.047470711171627045,
    0.0655585527420044,
    0.07917550206184387,
    0.051002055406570435,
    0.0705185979604721,
    0.06395318359136581,
    0.06392835080623627,
    0.1270207166671753,
    0.1233195886015892,
    0.14198549091815948,
    0.10450031608343124,
    0.1505906581878662,
    0.12190713733434677,
    0.1413329541683197,
    0.10546029359102249,
    0.08183778822422028,
    0.1083047166466713,
    0.1254192590713501,
    0.1075400859117508,
    0.09440264105796814,
    0.08910733461380005,
    0.0934535413980484,
    0.03773900121450424,
    0.1162300631403923,
    0.06964629143476486,
    0.08585823327302933,
    0.0492352731525898,
    0.168158620595932,
    0.1389695703983307,
    0.08165314793586731,
    0.1317524015903473,
    0.07769571244716644,
    0.0970841497182846,
    0.11153875291347504,
    0.14772069454193115,
    0.085646852850914,
    0.050766125321388245,
    0.11503825336694717,
    0.04973644018173218,
    0.07743345946073532,
    0.17158810794353485,
    0.0689789354801178,
    0.06891411542892456,
    0.16449493169784546,
    0.03824169561266899,
    0.06064143031835556,
    0.08523751050233841,
    0.20365196466445923,
    0.07539931684732437,
    0.07529900968074799,
    0.1772308498620987,
    0.0916384905576706,
    0.16363181173801422,
    0.3088569939136505,
    0.2267131209373474,
    0.1189861074090004,
    0.16291555762290955,
    0.08374118059873581,
    0.28807970881462097,
    0.08236391842365265,
    0.059609174728393555,
    0.09560387581586838,
    0.20527614653110504,
    0.22283999621868134,
    0.04959362372756004,
    0.05218169465661049,
    0.04115297645330429
  ],
  "per_category_kld": {
    "harmless": 0.18389727175235748,
    "arithmetic": 0.07098660618066788,
    "logic": 0.07435311377048492,
    "code": 0.10374458134174347,
    "instruction": 0.09956453740596771,
    "factual": 0.13923826813697815
  },
  "top_divergent": [
    {
      "prompt": "Explain the water cycle in detail.",
      "category": "harmless",
      "kld": 0.37706127762794495
    },
    {
      "prompt": "Explain the periodic table of elements.",
      "category": "harmless",
      "kld": 0.37119048833847046
    },
    {
      "prompt": "Explain the process of mitosis and meiosis.",
      "category": "harmless",
      "kld": 0.32348233461380005
    },
    {
      "prompt": "What is the Pythagorean theorem?",
      "category": "factual",
      "kld": 0.3088569939136505
    },
    {
      "prompt": "Explain the difference between DNA and RNA.",
      "category": "harmless",
      "kld": 0.29923319816589355
    }
  ]
}