{
  "mean_kld": 0.01133832149207592,
  "median_kld": 0.009514231234788895,
  "max_kld": 0.06538328528404236,
  "n_prompts": 149,
  "n_tokens_scored": 3387,
  "per_prompt_kld": [
    0.009793795645236969,
    0.008773064240813255,
    0.006883656606078148,
    0.03256358578801155,
    0.010081646963953972,
    0.007561795879155397,
    0.007460589054971933,
    0.00872648786753416,
    0.007177488878369331,
    0.008586714044213295,
    0.008698147721588612,
    0.01372598111629486,
    0.011546086519956589,
    0.00993096549063921,
    0.007336644921451807,
    0.0367552675306797,
    0.023450255393981934,
    0.013994677923619747,
    0.016992077231407166,
    0.011135414242744446,
    0.014646084979176521,
    0.017957277595996857,
    0.02069118246436119,
    0.011230937205255032,
    0.007898193784058094,
    0.01827574148774147,
    0.00937139242887497,
    0.011329760774970055,
    0.009297244250774384,
    0.006712884642183781,
    0.006746399216353893,
    0.007420202251523733,
    0.005998742301017046,
    0.018324732780456543,
    0.04663693532347679,
    0.010859397239983082,
    0.010226789861917496,
    0.015027391724288464,
    0.010057571344077587,
    0.006955693010240793,
    0.012026079930365086,
    0.012805566191673279,
    0.013506880961358547,
    0.017990589141845703,
    0.0077779656276106834,
    0.006654355209320784,
    0.014207289554178715,
    0.00843437947332859,
    0.011432270519435406,
    0.005132634192705154,
    0.006323072127997875,
    0.006045604590326548,
    0.0034242861438542604,
    0.005944546312093735,
    0.005141638219356537,
    0.004121679347008467,
    0.005229002796113491,
    0.007424316368997097,
    0.006584253627806902,
    0.011300366371870041,
    0.0060063377022743225,
    0.012703786604106426,
    0.014908742159605026,
    0.006106548011302948,
    0.004402134567499161,
    0.0037038512527942657,
    0.009629948064684868,
    0.008176567032933235,
    0.005974758882075548,
    0.004501239862293005,
    0.00532106775790453,
    0.006041693966835737,
    0.0038400222547352314,
    0.003675145795568824,
    0.009235314093530178,
    0.004761814139783382,
    0.007256129290908575,
    0.006489573512226343,
    0.005419958848506212,
    0.0109130023047328,
    0.006713483948260546,
    0.008183917962014675,
    0.006003050599247217,
    0.005880511831492186,
    0.009600991383194923,
    0.004953247029334307,
    0.009115160442888737,
    0.005468446295708418,
    0.005065756384283304,
    0.011557934805750847,
    0.008472161367535591,
    0.008013837970793247,
    0.014989114366471767,
    0.007281304802745581,
    0.00839331466704607,
    0.013374953530728817,
    0.017645686864852905,
    0.007643446326255798,
    0.011319814249873161,
    0.02380448952317238,
    0.01199027244001627,
    0.013723917305469513,
    0.009705610573291779,
    0.010961550287902355,
    0.011599513702094555,
    0.010477009229362011,
    0.014672589488327503,
    0.01451580785214901,
    0.009514231234788895,
    0.010502329096198082,
    0.008239024318754673,
    0.023638177663087845,
    0.010484350845217705,
    0.0048080929554998875,
    0.011487158946692944,
    0.026202009990811348,
    0.029871206730604172,
    0.01347119640558958,
    0.06538328528404236,
    0.0077019017189741135,
    0.009821921586990356,
    0.010080548003315926,
    0.008767111226916313,
    0.016468394547700882,
    0.007794547826051712,
    0.00925929844379425,
    0.004490163642913103,
    0.018948066979646683,
    0.012682932429015636,
    0.021893378347158432,
    0.008210738189518452,
    0.008227759972214699,
    0.01029625441879034,
    0.007420750334858894,
    0.011015010066330433,
    0.010170796886086464,
    0.013289378955960274,
    0.008048527874052525,
    0.007627964019775391,
    0.019107649102807045,
    0.01507908757776022,
    0.005862017162144184,
    0.02388891391456127,
    0.006622797343879938,
    0.01145965326577425,
    0.008842676877975464,
    0.00992092676460743,
    0.020688671618700027,
    0.013580787926912308
  ],
  "per_category_kld": {
    "harmless": 0.012891312129795551,
    "arithmetic": 0.006914204452186823,
    "logic": 0.006421977188438177,
    "code": 0.011982827447354794,
    "instruction": 0.015505085699260235,
    "factual": 0.012062686495482922
  },
  "top_divergent": [
    {
      "prompt": "Summarize the key points of the US Constitution in exactly 4 bullet points.",
      "category": "instruction",
      "kld": 0.06538328528404236
    },
    {
      "prompt": "What are the main types of cloud computing?",
      "category": "harmless",
      "kld": 0.04663693532347679
    },
    {
      "prompt": "Explain the basics of machine learning.",
      "category": "harmless",
      "kld": 0.0367552675306797
    },
    {
      "prompt": "Explain the theory of general relativity in simple terms.",
      "category": "harmless",
      "kld": 0.03256358578801155
    },
    {
      "prompt": "Write a haiku about autumn.",
      "category": "instruction",
      "kld": 0.029871206730604172
    }
  ]
}