{
  "mean_kld": 0.0036909691989421844,
  "median_kld": 0.0033992917742580175,
  "max_kld": 0.01177564449608326,
  "n_prompts": 149,
  "n_tokens_scored": 3387,
  "per_prompt_kld": [
    0.0029110524337738752,
    0.00454992800951004,
    0.0035064243711531162,
    0.004950794391334057,
    0.003562657395377755,
    0.004261753987520933,
    0.004649231676012278,
    0.0032327205408364534,
    0.0036090181674808264,
    0.0030459160916507244,
    0.003716970095410943,
    0.00551699148491025,
    0.0026896814815700054,
    0.003444088390097022,
    0.00815490074455738,
    0.003899612929672003,
    0.003490803064778447,
    0.0034775929525494576,
    0.002900895429775119,
    0.003790599061176181,
    0.0035328767262399197,
    0.0024317430797964334,
    0.008635567501187325,
    0.003506885375827551,
    0.003043157048523426,
    0.00393594428896904,
    0.004217159003019333,
    0.002708114217966795,
    0.003221858059987426,
    0.0031912755221128464,
    0.0028604252729564905,
    0.0034563657827675343,
    0.003453208366408944,
    0.0025206475984305143,
    0.0046700076200068,
    0.0031364813912659883,
    0.004201673902571201,
    0.0034477876033633947,
    0.003926239442080259,
    0.0035571411717683077,
    0.004220751579850912,
    0.0051773847080767155,
    0.003257187781855464,
    0.006721033249050379,
    0.004516114015132189,
    0.00269371853210032,
    0.003689223900437355,
    0.004400919657200575,
    0.003105961950495839,
    0.002900610212236643,
    0.0024089913349598646,
    0.002470953157171607,
    0.0034390336368232965,
    0.004198544193059206,
    0.0024866077583283186,
    0.002361042657867074,
    0.003374968422576785,
    0.0029253805987536907,
    0.0027202374767512083,
    0.004276488441973925,
    0.0037623276002705097,
    0.0024214487057179213,
    0.002513006329536438,
    0.003069285536184907,
    0.0032588434405624866,
    0.0023596626706421375,
    0.0029189693741500378,
    0.003465882735326886,
    0.0026241724845021963,
    0.0025824490003287792,
    0.008986243978142738,
    0.002938641235232353,
    0.0026617918629199266,
    0.0023784309159964323,
    0.004022256936877966,
    0.002624527784064412,
    0.002104115439578891,
    0.002760127419605851,
    0.002358087105676532,
    0.0022230164613574743,
    0.0030124993063509464,
    0.003690816927701235,
    0.003577703610062599,
    0.0041955867782235146,
    0.0036863554269075394,
    0.006031023804098368,
    0.0033992917742580175,
    0.001861877623014152,
    0.0022620565723627806,
    0.005515383090823889,
    0.002931441180408001,
    0.005667117889970541,
    0.0036477509420365095,
    0.0031050443649291992,
    0.004054257180541754,
    0.0034710147883743048,
    0.005458825267851353,
    0.003812686773017049,
    0.005808670073747635,
    0.004573384765535593,
    0.0033648270182311535,
    0.0038431219290941954,
    0.004014523699879646,
    0.0033953413367271423,
    0.006631269585341215,
    0.0031445748172700405,
    0.0042928350158035755,
    0.00685027614235878,
    0.00419520353898406,
    0.0026286225765943527,
    0.003178694751113653,
    0.0022258367389440536,
    0.0027576626744121313,
    0.006339053623378277,
    0.003170945215970278,
    0.0028402062598615885,
    0.0030873881187289953,
    0.003418697975575924,
    0.0024108663201332092,
    0.003823515260592103,
    0.00296861887909472,
    0.0026056054048240185,
    0.0038602398708462715,
    0.002524274168536067,
    0.002875895705074072,
    0.003060321556404233,
    0.003962611313909292,
    0.003242956241592765,
    0.0025920106563717127,
    0.002606427762657404,
    0.004061676561832428,
    0.0026196674443781376,
    0.0024830035399645567,
    0.0045041353441774845,
    0.00409337691962719,
    0.01177564449608326,
    0.0035706842318177223,
    0.0025034029968082905,
    0.0030703081283718348,
    0.0035313100088387728,
    0.0027909886557608843,
    0.006410352885723114,
    0.002902532694861293,
    0.004118261858820915,
    0.008236249908804893,
    0.0032975124195218086,
    0.0028303605504333973,
    0.0023308165837079287,
    0.0027542649768292904
  ],
  "per_category_kld": {
    "harmless": 0.003893846645951271,
    "arithmetic": 0.0029978228267282248,
    "logic": 0.003367844969034195,
    "code": 0.004388877656310797,
    "instruction": 0.0031787012703716755,
    "factual": 0.004024548921734095
  },
  "top_divergent": [
    {
      "prompt": "What is the Pythagorean theorem?",
      "category": "factual",
      "kld": 0.01177564449608326
    },
    {
      "prompt": "If it rains, the ground gets wet. The ground is dry. Did it rain?",
      "category": "logic",
      "kld": 0.008986243978142738
    },
    {
      "prompt": "What are the key features of Python programming?",
      "category": "harmless",
      "kld": 0.008635567501187325
    },
    {
      "prompt": "Describe the water treatment process.",
      "category": "factual",
      "kld": 0.008236249908804893
    },
    {
      "prompt": "How do I learn a new programming language effectively?",
      "category": "harmless",
      "kld": 0.00815490074455738
    }
  ]
}