{
  "mean_kld": 0.4026675224304199,
  "median_kld": 0.36489933729171753,
  "max_kld": 1.0980454683303833,
  "n_prompts": 149,
  "n_tokens_scored": 3347,
  "per_prompt_kld": [
    0.5823785662651062,
    0.7048232555389404,
    0.37639865279197693,
    0.5935935974121094,
    0.5131645202636719,
    0.3157663345336914,
    0.7925578951835632,
    0.579847514629364,
    0.3477363884449005,
    1.0980454683303833,
    0.5001301169395447,
    0.266649067401886,
    0.9347397685050964,
    0.49931588768959045,
    0.46874403953552246,
    1.0599336624145508,
    0.44473785161972046,
    0.38477542996406555,
    0.9272480010986328,
    0.6144315600395203,
    0.38477185368537903,
    0.7436969876289368,
    0.39537662267684937,
    0.1907205730676651,
    0.7185516357421875,
    0.5869690179824829,
    0.45140957832336426,
    0.6744706630706787,
    0.6243845820426941,
    0.330391526222229,
    0.7569365501403809,
    0.464149534702301,
    0.38535794615745544,
    0.7914239764213562,
    0.3955341875553131,
    0.418159544467926,
    0.39688149094581604,
    0.45969846844673157,
    0.34212860465049744,
    0.7190290093421936,
    0.511180579662323,
    0.23496325314044952,
    0.8079308867454529,
    0.5688380002975464,
    0.48484674096107483,
    0.7134062647819519,
    0.5413423776626587,
    0.32205820083618164,
    0.7947226166725159,
    0.15114417672157288,
    0.3680073320865631,
    0.5340754985809326,
    0.2914458215236664,
    0.12616391479969025,
    0.23429034650325775,
    0.2084340751171112,
    0.22623702883720398,
    0.17172862589359283,
    0.26073557138442993,
    0.1950598955154419,
    0.40441539883613586,
    0.2572113871574402,
    0.17879752814769745,
    0.19615668058395386,
    0.17393504083156586,
    0.2880275845527649,
    0.21777571737766266,
    0.17201566696166992,
    0.1417006552219391,
    0.21965917944908142,
    0.2801551818847656,
    0.24006743729114532,
    0.36489933729171753,
    0.2891151010990143,
    0.3946411609649658,
    0.24297167360782623,
    0.16021022200584412,
    0.10806447267532349,
    0.2361701875925064,
    0.14806561172008514,
    0.28620168566703796,
    0.31082260608673096,
    0.20257078111171722,
    0.2178126573562622,
    0.1053396537899971,
    0.1406441628932953,
    0.16269148886203766,
    0.1211208701133728,
    0.20578987896442413,
    0.6046320199966431,
    0.4711543917655945,
    0.6565430760383606,
    0.5567477941513062,
    0.6695405840873718,
    0.4643526077270508,
    0.6495243310928345,
    0.6616363525390625,
    0.44520795345306396,
    0.7228052616119385,
    0.5634136199951172,
    0.6035671830177307,
    0.5707347989082336,
    0.5492817163467407,
    0.5238209962844849,
    0.10070078074932098,
    0.522226095199585,
    0.4738087058067322,
    0.48767879605293274,
    0.20607440173625946,
    0.17418818175792694,
    0.2951192557811737,
    0.27095887064933777,
    0.24143913388252258,
    0.15718306601047516,
    0.41191592812538147,
    0.2615562975406647,
    0.9188337326049805,
    0.15208415687084198,
    0.1748351752758026,
    0.22326505184173584,
    0.26244497299194336,
    0.3628564774990082,
    0.5343793034553528,
    0.21602533757686615,
    0.1593007594347,
    0.5983538627624512,
    0.24748583137989044,
    0.0928700640797615,
    0.1271631419658661,
    0.6272791624069214,
    0.16065697371959686,
    0.3690820336341858,
    0.4328034520149231,
    0.2530767023563385,
    0.2582807242870331,
    0.8542479872703552,
    0.7241197824478149,
    0.2312983125448227,
    0.34273335337638855,
    0.13083666563034058,
    0.7108991146087646,
    0.2753090560436249,
    0.2808215022087097,
    0.2999994158744812,
    0.3826375901699066,
    0.33651983737945557,
    0.14473849534988403,
    0.1374049335718155,
    0.21028418838977814
  ],
  "per_category_kld": {
    "harmless": 0.5553948879241943,
    "arithmetic": 0.2398678958415985,
    "logic": 0.2218506634235382,
    "code": 0.5251725912094116,
    "instruction": 0.2941129207611084,
    "factual": 0.3581514358520508
  },
  "top_divergent": [
    {
      "prompt": "Explain the water cycle in detail.",
      "category": "harmless",
      "kld": 1.0980454683303833
    },
    {
      "prompt": "Explain the basics of machine learning.",
      "category": "harmless",
      "kld": 1.0599336624145508
    },
    {
      "prompt": "Explain the process of photosynthesis in plants.",
      "category": "harmless",
      "kld": 0.9347397685050964
    },
    {
      "prompt": "Explain how the internet works at a high level.",
      "category": "harmless",
      "kld": 0.9272480010986328
    },
    {
      "prompt": "Write a haiku about autumn.",
      "category": "instruction",
      "kld": 0.9188337326049805
    }
  ]
}