{
  "mean_kld": 0.4339623749256134,
  "median_kld": 0.41940954327583313,
  "max_kld": 1.1738719940185547,
  "n_prompts": 149,
  "n_tokens_scored": 3347,
  "per_prompt_kld": [
    0.5776954889297485,
    0.7229282855987549,
    0.41940954327583313,
    0.6222448348999023,
    0.597311794757843,
    0.37169337272644043,
    0.7920924425125122,
    0.6618056297302246,
    0.43158087134361267,
    1.0845059156417847,
    0.5289239287376404,
    0.30563223361968994,
    0.9379518628120422,
    0.528488278388977,
    0.5708914399147034,
    1.1738719940185547,
    0.5032800436019897,
    0.43961456418037415,
    0.9052408337593079,
    0.6335748434066772,
    0.4208798110485077,
    0.7798623442649841,
    0.45363712310791016,
    0.21747525036334991,
    0.7326079607009888,
    0.6562601327896118,
    0.4759867489337921,
    0.6690211892127991,
    0.717690110206604,
    0.3512604832649231,
    0.7927446961402893,
    0.47786468267440796,
    0.40962520241737366,
    0.7917944192886353,
    0.4549449384212494,
    0.5400711894035339,
    0.43150222301483154,
    0.5146340727806091,
    0.41983485221862793,
    0.7335094213485718,
    0.5506070852279663,
    0.26445022225379944,
    0.8713452219963074,
    0.6444964408874512,
    0.5676368474960327,
    0.7211786508560181,
    0.5789872407913208,
    0.36348065733909607,
    0.7818697094917297,
    0.16291619837284088,
    0.4097064435482025,
    0.5550121665000916,
    0.27635037899017334,
    0.13786491751670837,
    0.29282790422439575,
    0.25577512383461,
    0.25695323944091797,
    0.18195626139640808,
    0.2698407769203186,
    0.22711695730686188,
    0.47835010290145874,
    0.2739483416080475,
    0.2038949579000473,
    0.21534284949302673,
    0.2089167982339859,
    0.3629249930381775,
    0.24859969317913055,
    0.17982757091522217,
    0.15462665259838104,
    0.24579763412475586,
    0.31203407049179077,
    0.28834861516952515,
    0.4485844671726227,
    0.38311561942100525,
    0.45405879616737366,
    0.2716132402420044,
    0.16520468890666962,
    0.10914573073387146,
    0.2871067225933075,
    0.14888760447502136,
    0.3385191559791565,
    0.37363436818122864,
    0.29391124844551086,
    0.25471600890159607,
    0.11178690940141678,
    0.15170598030090332,
    0.1827838122844696,
    0.12669776380062103,
    0.31296244263648987,
    0.6265020370483398,
    0.4845343232154846,
    0.6607519388198853,
    0.5600398778915405,
    0.6806869506835938,
    0.4911898672580719,
    0.7056593298912048,
    0.687356173992157,
    0.462328165769577,
    0.7319590449333191,
    0.5704721808433533,
    0.6202995181083679,
    0.5855461359024048,
    0.5677694082260132,
    0.5338845252990723,
    0.12475357204675674,
    0.5323614478111267,
    0.48111310601234436,
    0.5197344422340393,
    0.21164244413375854,
    0.19677425920963287,
    0.29540473222732544,
    0.2715280055999756,
    0.23237012326717377,
    0.17609846591949463,
    0.44720208644866943,
    0.25321030616760254,
    0.8756191730499268,
    0.17238947749137878,
    0.18982648849487305,
    0.23812717199325562,
    0.27803611755371094,
    0.40584883093833923,
    0.5537782907485962,
    0.26213282346725464,
    0.1729648858308792,
    0.6247192025184631,
    0.2443569451570511,
    0.10327529162168503,
    0.15594425797462463,
    0.6678274869918823,
    0.19589965045452118,
    0.4336784780025482,
    0.4768447279930115,
    0.2758024036884308,
    0.29710179567337036,
    0.9780776500701904,
    0.7442940473556519,
    0.26971131563186646,
    0.3533055782318115,
    0.18033467233181,
    0.7120667695999146,
    0.2899761199951172,
    0.2906371057033539,
    0.3337441086769104,
    0.42000964283943176,
    0.3652910590171814,
    0.17179571092128754,
    0.1869848519563675,
    0.22145189344882965
  ],
  "per_category_kld": {
    "harmless": 0.5957958698272705,
    "arithmetic": 0.26763761043548584,
    "logic": 0.2630307674407959,
    "code": 0.5419292449951172,
    "instruction": 0.3074803650379181,
    "factual": 0.3932417929172516
  },
  "top_divergent": [
    {
      "prompt": "Explain the basics of machine learning.",
      "category": "harmless",
      "kld": 1.1738719940185547
    },
    {
      "prompt": "Explain the water cycle in detail.",
      "category": "harmless",
      "kld": 1.0845059156417847
    },
    {
      "prompt": "What is the Pythagorean theorem?",
      "category": "factual",
      "kld": 0.9780776500701904
    },
    {
      "prompt": "Explain the process of photosynthesis in plants.",
      "category": "harmless",
      "kld": 0.9379518628120422
    },
    {
      "prompt": "Explain how the internet works at a high level.",
      "category": "harmless",
      "kld": 0.9052408337593079
    }
  ]
}