{
  "mean_kld": 0.01266251876950264,
  "median_kld": 0.0104186637327075,
  "max_kld": 0.05005604401230812,
  "n_prompts": 149,
  "n_tokens_scored": 3387,
  "per_prompt_kld": [
    0.013189797289669514,
    0.009658480063080788,
    0.008065439760684967,
    0.03735534846782684,
    0.011205890215933323,
    0.009056846611201763,
    0.009528030641376972,
    0.010697927325963974,
    0.0087639344856143,
    0.010167540982365608,
    0.010042636655271053,
    0.011858310550451279,
    0.013132254593074322,
    0.010551724582910538,
    0.008572190999984741,
    0.044628534466028214,
    0.02867518924176693,
    0.013506936840713024,
    0.016572415828704834,
    0.01355308759957552,
    0.013781224377453327,
    0.021020833402872086,
    0.02972247824072838,
    0.014423987828195095,
    0.009278289042413235,
    0.01604318991303444,
    0.012341976165771484,
    0.01519225537776947,
    0.011315345764160156,
    0.008322552777826786,
    0.007837707176804543,
    0.007799375336617231,
    0.006700756493955851,
    0.02012019045650959,
    0.05005604401230812,
    0.012578192166984081,
    0.012524750083684921,
    0.017789587378501892,
    0.009744088165462017,
    0.00822780467569828,
    0.013592013157904148,
    0.015557569451630116,
    0.01645825058221817,
    0.019308239221572876,
    0.008469481952488422,
    0.008424866013228893,
    0.018197007477283478,
    0.00935143232345581,
    0.013172551058232784,
    0.0049387430772185326,
    0.005994593258947134,
    0.0072405352257192135,
    0.0034948086831718683,
    0.006451412104070187,
    0.005632022861391306,
    0.004163863603025675,
    0.0057840547524392605,
    0.006501779425889254,
    0.007674910593777895,
    0.012389788404107094,
    0.006662087514996529,
    0.013064699247479439,
    0.016483889892697334,
    0.006505721714347601,
    0.004914625082165003,
    0.0041364263743162155,
    0.009589886292815208,
    0.009876019321382046,
    0.006352749187499285,
    0.004764694254845381,
    0.0054193828254938126,
    0.005681241862475872,
    0.00413565244525671,
    0.0033920302521437407,
    0.010068329982459545,
    0.00606010714545846,
    0.008329805918037891,
    0.006982218008488417,
    0.006153472699224949,
    0.004760543815791607,
    0.007977920584380627,
    0.007804413326084614,
    0.00599132664501667,
    0.005451891105622053,
    0.008174148388206959,
    0.005489311646670103,
    0.008599698543548584,
    0.005699122324585915,
    0.005755167920142412,
    0.015514424070715904,
    0.0104186637327075,
    0.009462066926062107,
    0.018611131235957146,
    0.008476686663925648,
    0.009772352874279022,
    0.014853832311928272,
    0.019926736131310463,
    0.007736168801784515,
    0.016196157783269882,
    0.026059774681925774,
    0.013588383793830872,
    0.01733367145061493,
    0.013257263228297234,
    0.012964795343577862,
    0.016706274822354317,
    0.013003306463360786,
    0.017766699194908142,
    0.019112326204776764,
    0.011116407811641693,
    0.010422124527394772,
    0.009548641741275787,
    0.022679347544908524,
    0.011256399564445019,
    0.006335278507322073,
    0.01339742261916399,
    0.029170241206884384,
    0.029527436941862106,
    0.018138330429792404,
    0.03148765116930008,
    0.00918571837246418,
    0.010765033774077892,
    0.009809689596295357,
    0.010659615509212017,
    0.019151855260133743,
    0.008163061924278736,
    0.01001088134944439,
    0.005300856661051512,
    0.021077493205666542,
    0.01291624829173088,
    0.027169035747647285,
    0.008742505684494972,
    0.007624262478202581,
    0.014186867512762547,
    0.007323616184294224,
    0.011751925572752953,
    0.009877732954919338,
    0.015046552754938602,
    0.03331230580806732,
    0.00782425794750452,
    0.023022932931780815,
    0.015875661745667458,
    0.006584388669580221,
    0.025458121672272682,
    0.00800024252384901,
    0.01415689755231142,
    0.00921223871409893,
    0.010990184731781483,
    0.024890149012207985,
    0.01410736795514822
  ],
  "per_category_kld": {
    "harmless": 0.014819072559475899,
    "arithmetic": 0.0073926313780248165,
    "logic": 0.006334523670375347,
    "code": 0.014593856409192085,
    "instruction": 0.014950166456401348,
    "factual": 0.014757861383259296
  },
  "top_divergent": [
    {
      "prompt": "What are the main types of cloud computing?",
      "category": "harmless",
      "kld": 0.05005604401230812
    },
    {
      "prompt": "Explain the basics of machine learning.",
      "category": "harmless",
      "kld": 0.044628534466028214
    },
    {
      "prompt": "Explain the theory of general relativity in simple terms.",
      "category": "harmless",
      "kld": 0.03735534846782684
    },
    {
      "prompt": "What is the pH scale and how does it work?",
      "category": "factual",
      "kld": 0.03331230580806732
    },
    {
      "prompt": "Summarize the key points of the US Constitution in exactly 4 bullet points.",
      "category": "instruction",
      "kld": 0.03148765116930008
    }
  ]
}