{
  "mean_kld": 0.39610952138900757,
  "median_kld": 0.35120710730552673,
  "max_kld": 1.048201560974121,
  "n_prompts": 149,
  "n_tokens_scored": 3347,
  "per_prompt_kld": [
    0.5948563814163208,
    0.4156675636768341,
    0.3305811583995819,
    0.5537349581718445,
    0.5157036781311035,
    0.380828857421875,
    0.7534648776054382,
    0.457286536693573,
    0.38599634170532227,
    1.048201560974121,
    0.5871505737304688,
    0.25861698389053345,
    1.013041615486145,
    0.370263010263443,
    0.5963024497032166,
    1.0071536302566528,
    0.3874698877334595,
    0.38388970494270325,
    1.0420289039611816,
    0.5392438769340515,
    0.3933985233306885,
    0.7610928416252136,
    0.3892124891281128,
    0.31176820397377014,
    0.6708821654319763,
    0.6049500703811646,
    0.4945903718471527,
    0.5504857301712036,
    0.5211820006370544,
    0.35120710730552673,
    0.7950699925422668,
    0.4849925637245178,
    0.3697211444377899,
    0.8155056238174438,
    0.35277479887008667,
    0.6153998970985413,
    0.384464293718338,
    0.5940482020378113,
    0.28466400504112244,
    0.685361921787262,
    0.4599648118019104,
    0.2684912085533142,
    0.776936411857605,
    0.5257579684257507,
    0.3942420780658722,
    0.6729763746261597,
    0.4745880663394928,
    0.27759355306625366,
    0.6355865001678467,
    0.1429624855518341,
    0.5780153274536133,
    0.4194587767124176,
    0.2444572001695633,
    0.10101675242185593,
    0.2576930522918701,
    0.16306397318840027,
    0.2472713589668274,
    0.1719224601984024,
    0.2859639525413513,
    0.12021763622760773,
    0.4153861999511719,
    0.20857058465480804,
    0.1634906381368637,
    0.16250860691070557,
    0.19388897716999054,
    0.2691970467567444,
    0.2523103356361389,
    0.13270783424377441,
    0.14110223948955536,
    0.18821869790554047,
    0.19326312839984894,
    0.2071431577205658,
    0.2837378680706024,
    0.1657210886478424,
    0.3283279538154602,
    0.215676948428154,
    0.2079131156206131,
    0.177074134349823,
    0.3261794447898865,
    0.22961467504501343,
    0.25138041377067566,
    0.3352765738964081,
    0.15243473649024963,
    0.22838905453681946,
    0.10690876841545105,
    0.09599608927965164,
    0.1316615790128708,
    0.14023573696613312,
    0.22404220700263977,
    0.7348646521568298,
    0.5925365686416626,
    0.7642051577568054,
    0.6617482304573059,
    0.6866459846496582,
    0.5534390807151794,
    0.7435492873191833,
    0.6940897703170776,
    0.5101722478866577,
    0.7058362364768982,
    0.5678256154060364,
    0.604089081287384,
    0.5678697824478149,
    0.581884503364563,
    0.5605930685997009,
    0.08868402242660522,
    0.5906006097793579,
    0.5515403151512146,
    0.5289778113365173,
    0.14522331953048706,
    0.20755332708358765,
    0.2641706168651581,
    0.259657084941864,
    0.24534392356872559,
    0.3439050614833832,
    0.35354432463645935,
    0.13300517201423645,
    0.7853652238845825,
    0.15876327455043793,
    0.24472682178020477,
    0.1840655654668808,
    0.2664873003959656,
    0.27578723430633545,
    0.5380783081054688,
    0.22196514904499054,
    0.10779629647731781,
    0.7793495059013367,
    0.22804079949855804,
    0.10853881388902664,
    0.14299915730953217,
    0.23432034254074097,
    0.1630176454782486,
    0.23314589262008667,
    0.4454366862773895,
    0.2753433883190155,
    0.26184219121932983,
    0.503266453742981,
    0.6868495941162109,
    0.39460036158561707,
    0.3876282870769501,
    0.18832336366176605,
    0.6868600249290466,
    0.24151328206062317,
    0.3245750069618225,
    0.22265231609344482,
    0.36460110545158386,
    0.27357614040374756,
    0.10535947233438492,
    0.16834841668605804,
    0.17675143480300903
  ],
  "per_category_kld": {
    "harmless": 0.5415998697280884,
    "arithmetic": 0.233560249209404,
    "logic": 0.20945978164672852,
    "code": 0.5717187523841858,
    "instruction": 0.2924571633338928,
    "factual": 0.3169005513191223
  },
  "top_divergent": [
    {
      "prompt": "Explain the water cycle in detail.",
      "category": "harmless",
      "kld": 1.048201560974121
    },
    {
      "prompt": "Explain how the internet works at a high level.",
      "category": "harmless",
      "kld": 1.0420289039611816
    },
    {
      "prompt": "Explain the process of photosynthesis in plants.",
      "category": "harmless",
      "kld": 1.013041615486145
    },
    {
      "prompt": "Explain the basics of machine learning.",
      "category": "harmless",
      "kld": 1.0071536302566528
    },
    {
      "prompt": "Explain the periodic table of elements.",
      "category": "harmless",
      "kld": 0.8155056238174438
    }
  ]
}