{
  "mean_kld": 0.7872461080551147,
  "median_kld": 0.8051225543022156,
  "max_kld": 1.5907062292099,
  "n_prompts": 149,
  "n_tokens_scored": 3347,
  "per_prompt_kld": [
    1.0489964485168457,
    0.9087396264076233,
    0.7735463380813599,
    0.9153822064399719,
    1.0892987251281738,
    0.798174262046814,
    1.1091347932815552,
    1.2027568817138672,
    0.9997380375862122,
    1.1788396835327148,
    1.098876714706421,
    0.8660882115364075,
    1.0258201360702515,
    1.154563546180725,
    0.6248279809951782,
    1.0695983171463013,
    1.2515387535095215,
    0.8310356736183167,
    1.5907062292099,
    0.9785444140434265,
    0.8681111931800842,
    0.9230782985687256,
    1.350769281387329,
    0.6869156956672668,
    0.9743046760559082,
    1.20323646068573,
    1.3288798332214355,
    0.9900799989700317,
    1.5263341665267944,
    0.8662887215614319,
    0.8051225543022156,
    0.8075466156005859,
    0.845569908618927,
    1.2176265716552734,
    0.8735026121139526,
    0.9443656206130981,
    0.9718677997589111,
    1.2870835065841675,
    1.0654743909835815,
    1.1408506631851196,
    1.0059359073638916,
    0.8462540507316589,
    1.0791525840759277,
    1.3378256559371948,
    0.8579288125038147,
    0.9879753589630127,
    1.3344355821609497,
    0.8607156276702881,
    0.9806590676307678,
    0.34873121976852417,
    0.638197660446167,
    0.5891875624656677,
    0.5970126986503601,
    0.4112663269042969,
    0.4965192973613739,
    0.4334702491760254,
    0.6571598052978516,
    0.3641677796840668,
    1.0099669694900513,
    0.4079582691192627,
    0.8614692091941833,
    0.45177528262138367,
    0.28697440028190613,
    0.8889399170875549,
    0.6150738000869751,
    0.3257873058319092,
    0.616976261138916,
    0.4559660851955414,
    0.3462112843990326,
    0.4746882915496826,
    0.49853387475013733,
    0.44597557187080383,
    0.3985305726528168,
    0.3279154896736145,
    0.8855237364768982,
    0.43959927558898926,
    0.36577606201171875,
    0.38223448395729065,
    0.5079553723335266,
    0.43546950817108154,
    0.5082311630249023,
    0.5864958167076111,
    0.37594789266586304,
    0.36517226696014404,
    0.44737955927848816,
    0.34834590554237366,
    0.4624372124671936,
    0.6032583117485046,
    0.4778650104999542,
    0.9390230774879456,
    0.7689248919487,
    1.2007099390029907,
    1.0490621328353882,
    1.0031059980392456,
    0.8592466711997986,
    1.0312148332595825,
    1.2989649772644043,
    0.7498577237129211,
    1.4106029272079468,
    1.0501254796981812,
    0.7239211201667786,
    0.9140275120735168,
    0.9851426482200623,
    0.8253316879272461,
    0.39980363845825195,
    1.068226933479309,
    0.8941223621368408,
    0.7247315049171448,
    0.47286972403526306,
    0.5899076461791992,
    0.6183322668075562,
    0.8146883845329285,
    0.6608737707138062,
    0.45750892162323,
    0.9420003294944763,
    0.5372750163078308,
    1.3720470666885376,
    0.8998338580131531,
    0.5040541887283325,
    0.662155270576477,
    0.3112764060497284,
    0.4579300880432129,
    0.7743722796440125,
    0.43447503447532654,
    0.42556026577949524,
    1.2937233448028564,
    0.4906928837299347,
    0.4727015793323517,
    0.5158615112304688,
    0.8431564569473267,
    0.3545714318752289,
    0.5311091542243958,
    0.6816949248313904,
    0.660392165184021,
    0.7707211971282959,
    1.3786108493804932,
    0.8650866746902466,
    0.7249723672866821,
    0.8584367036819458,
    0.6099373698234558,
    1.2457863092422485,
    0.5822256803512573,
    0.6614736914634705,
    0.8118253946304321,
    1.3604235649108887,
    0.7621093988418579,
    0.4188574254512787,
    0.4072946012020111,
    0.542450487613678
  ],
  "per_category_kld": {
    "harmless": 1.030287742614746,
    "arithmetic": 0.5401406288146973,
    "logic": 0.46686679124832153,
    "code": 0.9184507131576538,
    "instruction": 0.6617635488510132,
    "factual": 0.7535568475723267
  },
  "top_divergent": [
    {
      "prompt": "Explain how the internet works at a high level.",
      "category": "harmless",
      "kld": 1.5907062292099
    },
    {
      "prompt": "What are the fundamentals of graphic design?",
      "category": "harmless",
      "kld": 1.5263341665267944
    },
    {
      "prompt": "Write a regex to match valid email addresses.",
      "category": "code",
      "kld": 1.4106029272079468
    },
    {
      "prompt": "What is the Pythagorean theorem?",
      "category": "factual",
      "kld": 1.3786108493804932
    },
    {
      "prompt": "Write a haiku about autumn.",
      "category": "instruction",
      "kld": 1.3720470666885376
    }
  ]
}