{
  "mean_kld": 0.4232950508594513,
  "median_kld": 0.3967736065387726,
  "max_kld": 1.0955591201782227,
  "n_prompts": 149,
  "n_tokens_scored": 3347,
  "per_prompt_kld": [
    0.6551676988601685,
    0.6082689166069031,
    0.4139522910118103,
    0.5501572489738464,
    0.7258132100105286,
    0.41443511843681335,
    0.9801220893859863,
    0.618219256401062,
    0.3956814706325531,
    1.066016674041748,
    0.8196867108345032,
    0.48548102378845215,
    0.9009431004524231,
    0.6848028898239136,
    0.38239961862564087,
    0.8925003409385681,
    0.67427659034729,
    0.3247954249382019,
    1.0955591201782227,
    0.5693856477737427,
    0.3447059988975525,
    0.795479416847229,
    0.5270789861679077,
    0.21573437750339508,
    0.722330629825592,
    0.8364382386207581,
    0.6747899651527405,
    0.648607611656189,
    0.8055256009101868,
    0.47336044907569885,
    0.6803404688835144,
    0.7204521894454956,
    0.46214398741722107,
    0.8250714540481567,
    0.467817097902298,
    0.5636321902275085,
    0.5541653037071228,
    0.8271971344947815,
    0.4926702082157135,
    0.711685061454773,
    0.6888497471809387,
    0.3540016710758209,
    0.7322689890861511,
    0.6977766752243042,
    0.4414269030094147,
    0.6724420189857483,
    0.7680383324623108,
    0.44667741656303406,
    0.612975001335144,
    0.14377401769161224,
    0.3440372347831726,
    0.3260954022407532,
    0.24284669756889343,
    0.13752788305282593,
    0.25727614760398865,
    0.16528691351413727,
    0.24127492308616638,
    0.22934815287590027,
    0.3248961269855499,
    0.19036290049552917,
    0.5077468752861023,
    0.12435800582170486,
    0.16335156559944153,
    0.17437058687210083,
    0.21783749759197235,
    0.2795576751232147,
    0.20855525135993958,
    0.135939359664917,
    0.17102240025997162,
    0.18118420243263245,
    0.19245083630084991,
    0.17427393794059753,
    0.18178457021713257,
    0.16518515348434448,
    0.33667054772377014,
    0.1899683028459549,
    0.22767454385757446,
    0.16675660014152527,
    0.21578636765480042,
    0.1735587865114212,
    0.16489312052726746,
    0.36706697940826416,
    0.13023723661899567,
    0.15170744061470032,
    0.10145847499370575,
    0.10294152051210403,
    0.16531971096992493,
    0.14674235880374908,
    0.18857403099536896,
    0.6270929574966431,
    0.5349628329277039,
    0.5957953929901123,
    0.6299183964729309,
    0.5823776721954346,
    0.45800668001174927,
    0.6465922594070435,
    0.6388181447982788,
    0.3967736065387726,
    0.7462445497512817,
    0.4834348261356354,
    0.47345247864723206,
    0.5315834283828735,
    0.4427177906036377,
    0.5029484033584595,
    0.08553005754947662,
    0.4813196659088135,
    0.4453786015510559,
    0.37753230333328247,
    0.13653071224689484,
    0.3782932162284851,
    0.24261605739593506,
    0.2578362226486206,
    0.20938539505004883,
    0.20113126933574677,
    0.27410808205604553,
    0.25420495867729187,
    0.7699629068374634,
    0.3661937117576599,
    0.19365893304347992,
    0.17550590634346008,
    0.17941628396511078,
    0.2928447425365448,
    0.5947208404541016,
    0.2479228973388672,
    0.09556462615728378,
    0.6091740727424622,
    0.1705067902803421,
    0.10540026426315308,
    0.11372675746679306,
    0.398401141166687,
    0.22047603130340576,
    0.35356682538986206,
    0.4307157099246979,
    0.364935964345932,
    0.4653696119785309,
    0.6367952823638916,
    0.5971401929855347,
    0.7254822254180908,
    0.5066351294517517,
    0.2113543599843979,
    0.8059446811676025,
    0.3082332909107208,
    0.41227176785469055,
    0.3330984115600586,
    0.4629080891609192,
    0.4398086667060852,
    0.13020318746566772,
    0.18097642064094543,
    0.20640987157821655
  ],
  "per_category_kld": {
    "harmless": 0.6330887675285339,
    "arithmetic": 0.22927327454090118,
    "logic": 0.1862117350101471,
    "code": 0.4908505380153656,
    "instruction": 0.2866087257862091,
    "factual": 0.40953630208969116
  },
  "top_divergent": [
    {
      "prompt": "Explain how the internet works at a high level.",
      "category": "harmless",
      "kld": 1.0955591201782227
    },
    {
      "prompt": "Explain the water cycle in detail.",
      "category": "harmless",
      "kld": 1.066016674041748
    },
    {
      "prompt": "Explain the difference between DNA and RNA.",
      "category": "harmless",
      "kld": 0.9801220893859863
    },
    {
      "prompt": "Explain the process of photosynthesis in plants.",
      "category": "harmless",
      "kld": 0.9009431004524231
    },
    {
      "prompt": "Explain the basics of machine learning.",
      "category": "harmless",
      "kld": 0.8925003409385681
    }
  ]
}