{
  "mean_kld": 0.29766765236854553,
  "median_kld": 0.2534058392047882,
  "max_kld": 0.9556309580802917,
  "n_prompts": 149,
  "n_tokens_scored": 3347,
  "per_prompt_kld": [
    0.427505224943161,
    0.3166448175907135,
    0.3291144073009491,
    0.465431809425354,
    0.3383680284023285,
    0.2943739891052246,
    0.6466468572616577,
    0.28948429226875305,
    0.36478593945503235,
    0.8497017621994019,
    0.4266323149204254,
    0.21794451773166656,
    0.7171111702919006,
    0.24465198814868927,
    0.3807157874107361,
    0.8134021162986755,
    0.35367441177368164,
    0.32321929931640625,
    0.9556309580802917,
    0.3643914759159088,
    0.3524051010608673,
    0.6253156065940857,
    0.2596847116947174,
    0.16356433928012848,
    0.5392003655433655,
    0.4409103989601135,
    0.49799078702926636,
    0.5096078515052795,
    0.3874489963054657,
    0.2303658425807953,
    0.6770146489143372,
    0.3144892752170563,
    0.3387262523174286,
    0.6407448649406433,
    0.2295251190662384,
    0.4916362166404724,
    0.24657508730888367,
    0.3784635365009308,
    0.28230342268943787,
    0.5990034937858582,
    0.3165041208267212,
    0.16406580805778503,
    0.5992610454559326,
    0.3178160786628723,
    0.3594276010990143,
    0.5471939444541931,
    0.3502422273159027,
    0.300363153219223,
    0.5102334022521973,
    0.09076676517724991,
    0.2920180559158325,
    0.26117539405822754,
    0.1822253167629242,
    0.06154728680849075,
    0.16355685889720917,
    0.08608070760965347,
    0.15767592191696167,
    0.12741868197917938,
    0.19628238677978516,
    0.09716019779443741,
    0.24892322719097137,
    0.09730927646160126,
    0.13259083032608032,
    0.09573988616466522,
    0.1258993297815323,
    0.18935266137123108,
    0.15002106130123138,
    0.09486264735460281,
    0.11616112291812897,
    0.1182050108909607,
    0.12969473004341125,
    0.08695515245199203,
    0.17244109511375427,
    0.14457090198993683,
    0.2646734416484833,
    0.09197958558797836,
    0.13620319962501526,
    0.119059257209301,
    0.20010508596897125,
    0.10945477336645126,
    0.13544915616512299,
    0.30221959948539734,
    0.08592616021633148,
    0.12537707388401031,
    0.07039240002632141,
    0.07242824137210846,
    0.08458366245031357,
    0.09999699145555496,
    0.14309218525886536,
    0.552702009677887,
    0.4954128861427307,
    0.592441976070404,
    0.48359572887420654,
    0.5196025967597961,
    0.43761929869651794,
    0.5663565397262573,
    0.5174498558044434,
    0.3551146686077118,
    0.5829817056655884,
    0.4313792884349823,
    0.4080671966075897,
    0.44570183753967285,
    0.42082303762435913,
    0.42004579305648804,
    0.05127199739217758,
    0.4228271245956421,
    0.43213650584220886,
    0.35615062713623047,
    0.11772321164608002,
    0.23505643010139465,
    0.18407344818115234,
    0.11769264936447144,
    0.10291419923305511,
    0.22961191833019257,
    0.2519276738166809,
    0.10268337279558182,
    0.6341850161552429,
    0.1361439824104309,
    0.16088184714317322,
    0.10362076014280319,
    0.2045470029115677,
    0.2085481882095337,
    0.5206932425498962,
    0.2372901737689972,
    0.06473026424646378,
    0.5614102482795715,
    0.14431102573871613,
    0.09801629185676575,
    0.08705493807792664,
    0.2706871032714844,
    0.14282231032848358,
    0.19378773868083954,
    0.24725060164928436,
    0.19346454739570618,
    0.2035120278596878,
    0.4612867534160614,
    0.4516645669937134,
    0.32053717970848083,
    0.2737266421318054,
    0.14497189223766327,
    0.5612224340438843,
    0.21170967817306519,
    0.1783560961484909,
    0.18239448964595795,
    0.2912938594818115,
    0.2534058392047882,
    0.09487650543451309,
    0.10870160907506943,
    0.1229235827922821
  ],
  "per_category_kld": {
    "harmless": 0.42427581548690796,
    "arithmetic": 0.14833839237689972,
    "logic": 0.1346403807401657,
    "code": 0.43047016859054565,
    "instruction": 0.21926963329315186,
    "factual": 0.24542978405952454
  },
  "top_divergent": [
    {
      "prompt": "Explain how the internet works at a high level.",
      "category": "harmless",
      "kld": 0.9556309580802917
    },
    {
      "prompt": "Explain the water cycle in detail.",
      "category": "harmless",
      "kld": 0.8497017621994019
    },
    {
      "prompt": "Explain the basics of machine learning.",
      "category": "harmless",
      "kld": 0.8134021162986755
    },
    {
      "prompt": "Explain the process of photosynthesis in plants.",
      "category": "harmless",
      "kld": 0.7171111702919006
    },
    {
      "prompt": "Explain the nitrogen cycle in ecology.",
      "category": "harmless",
      "kld": 0.6770146489143372
    }
  ]
}