{
  "mean_kld": 0.7084493637084961,
  "median_kld": 0.6626201272010803,
  "max_kld": 2.5031001567840576,
  "n_prompts": 149,
  "n_tokens_scored": 3347,
  "per_prompt_kld": [
    0.6663085222244263,
    0.4818199574947357,
    0.3670555353164673,
    0.5816506147384644,
    0.6317735314369202,
    0.6306142807006836,
    0.444100946187973,
    0.8978912830352783,
    0.8630365133285522,
    0.6655436754226685,
    0.804709255695343,
    0.5020229816436768,
    0.6626201272010803,
    0.9288427829742432,
    0.5043331980705261,
    0.4722597002983093,
    0.5359620451927185,
    0.5406884551048279,
    0.5080757141113281,
    0.6229351758956909,
    1.323565125465393,
    0.8820110559463501,
    0.5253458619117737,
    0.5869773030281067,
    0.5346363186836243,
    1.3636689186096191,
    0.6279772520065308,
    0.6470656991004944,
    0.836429238319397,
    0.7244920134544373,
    0.7133781909942627,
    0.6632330417633057,
    0.49304020404815674,
    0.5414365530014038,
    0.705637514591217,
    1.1451315879821777,
    0.6882289052009583,
    0.787464439868927,
    0.6511518359184265,
    0.5327337980270386,
    0.5353763103485107,
    0.9489006400108337,
    0.8141644597053528,
    0.6787669658660889,
    0.7190598845481873,
    0.502587080001831,
    0.7061455249786377,
    1.026790738105774,
    0.6083462238311768,
    0.9172884821891785,
    0.650154173374176,
    0.771472156047821,
    0.4426177740097046,
    0.6219522953033447,
    0.6639999151229858,
    0.42419537901878357,
    1.2161809206008911,
    0.4846101403236389,
    0.5438827872276306,
    0.6958247423171997,
    0.4553142189979553,
    1.0950708389282227,
    0.5889410972595215,
    0.7510448098182678,
    0.9487004280090332,
    0.3366619944572449,
    0.6371325850486755,
    0.6434853076934814,
    0.7181665897369385,
    0.5871798992156982,
    0.7102080583572388,
    0.5984535813331604,
    0.4537327289581299,
    0.5166733860969543,
    0.5116070508956909,
    0.957382321357727,
    1.1570240259170532,
    0.6488606333732605,
    1.0248585939407349,
    0.45658209919929504,
    0.5807182788848877,
    0.4918471574783325,
    0.603498101234436,
    1.058948278427124,
    0.8057131767272949,
    0.4615651071071625,
    0.5594873428344727,
    0.5003286004066467,
    0.5591686964035034,
    0.6745327711105347,
    0.8935765624046326,
    0.7383902072906494,
    0.7754655480384827,
    0.7966793179512024,
    1.0462168455123901,
    1.1628416776657104,
    1.068229079246521,
    1.0492979288101196,
    1.1761186122894287,
    1.2458770275115967,
    0.72698974609375,
    0.6991665959358215,
    0.8464212417602539,
    1.173416018486023,
    0.5148189663887024,
    2.5031001567840576,
    0.7055394649505615,
    0.83534175157547,
    0.3663778603076935,
    0.6868342757225037,
    0.6996890902519226,
    0.8028006553649902,
    0.3181503415107727,
    0.7991474866867065,
    0.2505144476890564,
    0.7355619072914124,
    1.4884603023529053,
    0.6874719858169556,
    0.688935399055481,
    0.565261960029602,
    0.5978063344955444,
    0.8206976652145386,
    0.30137649178504944,
    0.5533189177513123,
    0.5235030055046082,
    0.3610764741897583,
    0.3439892530441284,
    1.0690535306930542,
    0.995856523513794,
    0.41614437103271484,
    0.2665119767189026,
    0.3892979919910431,
    0.470406174659729,
    0.4624316990375519,
    0.7123793363571167,
    0.5688292384147644,
    0.4220081567764282,
    0.7023923397064209,
    0.35819417238235474,
    0.5541761517524719,
    1.0002068281173706,
    0.6531223654747009,
    1.0438487529754639,
    1.154175043106079,
    0.6423265337944031,
    0.6839479207992554,
    0.6520525813102722,
    0.6088801622390747,
    0.8331925868988037
  ],
  "per_category_kld": {
    "harmless": 0.6903262734413147,
    "arithmetic": 0.6803348660469055,
    "logic": 0.6621918082237244,
    "code": 0.9499198198318481,
    "instruction": 0.6644752621650696,
    "factual": 0.6297262907028198
  },
  "top_divergent": [
    {
      "prompt": "Write a function to find the longest common prefix of a list of strings.",
      "category": "code",
      "kld": 2.5031001567840576
    },
    {
      "prompt": "Write a haiku about autumn.",
      "category": "instruction",
      "kld": 1.4884603023529053
    },
    {
      "prompt": "What are the benefits of meditation?",
      "category": "harmless",
      "kld": 1.3636689186096191
    },
    {
      "prompt": "How do I plant and maintain a vegetable garden?",
      "category": "harmless",
      "kld": 1.323565125465393
    },
    {
      "prompt": "Write a Python function to flatten a nested list of arbitrary depth.",
      "category": "code",
      "kld": 1.2458770275115967
    }
  ]
}