{
  "mean_kld": 0.6188586950302124,
  "median_kld": 0.6122624278068542,
  "max_kld": 1.3652592897415161,
  "n_prompts": 149,
  "n_tokens_scored": 3347,
  "per_prompt_kld": [
    0.898627758026123,
    0.6335171461105347,
    0.6122624278068542,
    0.679175853729248,
    0.8362412452697754,
    0.5139270424842834,
    0.959649384021759,
    0.8347914218902588,
    0.7998549342155457,
    0.8956142663955688,
    0.8641163110733032,
    0.6816292405128479,
    0.778384268283844,
    0.8966448307037354,
    0.4933960735797882,
    0.7932639718055725,
    1.0478448867797852,
    0.5972573161125183,
    1.3652592897415161,
    0.7048351168632507,
    0.7149826884269714,
    0.6903167366981506,
    1.0118811130523682,
    0.6294265389442444,
    0.7279965877532959,
    0.9453479647636414,
    1.1028003692626953,
    0.8742481470108032,
    1.287556767463684,
    0.6370661854743958,
    0.521485447883606,
    0.609241247177124,
    0.5875639319419861,
    0.9716438055038452,
    0.6052496433258057,
    0.7411572337150574,
    0.8356762528419495,
    0.950494110584259,
    0.8142474293708801,
    0.8227075934410095,
    0.785934329032898,
    0.648874044418335,
    0.7753435373306274,
    1.0375149250030518,
    0.69183349609375,
    0.6735250949859619,
    1.0057240724563599,
    0.618479311466217,
    0.7567075490951538,
    0.27616921067237854,
    0.5137235522270203,
    0.4320600628852844,
    0.4252576231956482,
    0.31193920969963074,
    0.3604283034801483,
    0.3619151711463928,
    0.5077640414237976,
    0.2560915946960449,
    0.7607799172401428,
    0.3385995626449585,
    0.714076042175293,
    0.36057615280151367,
    0.22600524127483368,
    0.7341705560684204,
    0.4921588897705078,
    0.29303333163261414,
    0.48080140352249146,
    0.3989160656929016,
    0.2387954294681549,
    0.3409610688686371,
    0.44963645935058594,
    0.3418261408805847,
    0.29920974373817444,
    0.26259759068489075,
    0.6462035179138184,
    0.3888630270957947,
    0.2892964482307434,
    0.30215126276016235,
    0.3857768476009369,
    0.3418431282043457,
    0.35529443621635437,
    0.4672797918319702,
    0.2759896218776703,
    0.27917367219924927,
    0.28793615102767944,
    0.2687201499938965,
    0.3383011519908905,
    0.4420846700668335,
    0.3713926374912262,
    0.8158045411109924,
    0.6985962390899658,
    1.0442640781402588,
    0.9312154054641724,
    0.8538287878036499,
    0.7367272973060608,
    0.9107154607772827,
    1.0558031797409058,
    0.6172472834587097,
    1.1376968622207642,
    0.8954749703407288,
    0.6584136486053467,
    0.7699533104896545,
    0.8453754186630249,
    0.6854408979415894,
    0.27425137162208557,
    0.8939436674118042,
    0.7504677176475525,
    0.6692888736724854,
    0.3404906094074249,
    0.5103419423103333,
    0.5031940937042236,
    0.5346920490264893,
    0.5557573437690735,
    0.4845585525035858,
    0.7060766220092773,
    0.42029890418052673,
    1.181920051574707,
    0.6735431551933289,
    0.4314463436603546,
    0.5040745735168457,
    0.24911324679851532,
    0.3948180675506592,
    0.6085485816001892,
    0.3053573966026306,
    0.3171248137950897,
    1.0321532487869263,
    0.3281501829624176,
    0.3907946050167084,
    0.3342939615249634,
    0.622726321220398,
    0.26720985770225525,
    0.44838735461235046,
    0.5222038626670837,
    0.49723535776138306,
    0.5556358098983765,
    1.1739299297332764,
    0.6761797666549683,
    0.6103463768959045,
    0.7319923043251038,
    0.43760785460472107,
    0.8364959955215454,
    0.48040273785591125,
    0.5030330419540405,
    0.5921034216880798,
    0.9106525778770447,
    0.6408765316009521,
    0.319270521402359,
    0.3480157256126404,
    0.40526336431503296
  ],
  "per_category_kld": {
    "harmless": 0.7951290607452393,
    "arithmetic": 0.4241630434989929,
    "logic": 0.35672688484191895,
    "code": 0.7792499661445618,
    "instruction": 0.5233128666877747,
    "factual": 0.578978419303894
  },
  "top_divergent": [
    {
      "prompt": "Explain how the internet works at a high level.",
      "category": "harmless",
      "kld": 1.3652592897415161
    },
    {
      "prompt": "What are the fundamentals of graphic design?",
      "category": "harmless",
      "kld": 1.287556767463684
    },
    {
      "prompt": "Write a haiku about autumn.",
      "category": "instruction",
      "kld": 1.181920051574707
    },
    {
      "prompt": "What is the Pythagorean theorem?",
      "category": "factual",
      "kld": 1.1739299297332764
    },
    {
      "prompt": "Write a regex to match valid email addresses.",
      "category": "code",
      "kld": 1.1376968622207642
    }
  ]
}