{
  "mean_kld": 0.3436529040336609,
  "median_kld": 0.2842538356781006,
  "max_kld": 1.0776784420013428,
  "n_prompts": 149,
  "n_tokens_scored": 3347,
  "per_prompt_kld": [
    0.5025642514228821,
    0.35844483971595764,
    0.23634368181228638,
    0.5194409489631653,
    0.3760777413845062,
    0.2951870560646057,
    0.7381913065910339,
    0.3384154438972473,
    0.2933097779750824,
    0.9820311069488525,
    0.6187964677810669,
    0.2606586813926697,
    0.7843985557556152,
    0.4599202573299408,
    0.18882828950881958,
    0.8001128435134888,
    0.3413679599761963,
    0.16944850981235504,
    1.0776784420013428,
    0.36765486001968384,
    0.22892537713050842,
    0.7565150856971741,
    0.3293173611164093,
    0.1592918038368225,
    0.6117797493934631,
    0.6198233962059021,
    0.47880682349205017,
    0.5659345984458923,
    0.47187384963035583,
    0.3170318901538849,
    0.7156773209571838,
    0.3946533203125,
    0.17782261967658997,
    0.7422938942909241,
    0.3028709590435028,
    0.3272740840911865,
    0.4286588430404663,
    0.44009929895401,
    0.22572334110736847,
    0.6998983025550842,
    0.4771445691585541,
    0.22921116650104523,
    0.7203495502471924,
    0.4893892705440521,
    0.27517831325531006,
    0.6487892270088196,
    0.45179709792137146,
    0.14426589012145996,
    0.5503845810890198,
    0.11021300405263901,
    0.32400768995285034,
    0.21831130981445312,
    0.17074735462665558,
    0.08392328768968582,
    0.2054724097251892,
    0.1085231676697731,
    0.19563397765159607,
    0.11199888586997986,
    0.22542080283164978,
    0.12692509591579437,
    0.36152490973472595,
    0.09100402146577835,
    0.1321071982383728,
    0.12922510504722595,
    0.18253755569458008,
    0.1863737553358078,
    0.1813933551311493,
    0.1153828427195549,
    0.09757517278194427,
    0.14224590361118317,
    0.11755049973726273,
    0.12211305648088455,
    0.13910631835460663,
    0.1664513498544693,
    0.33171895146369934,
    0.10536866635084152,
    0.13108450174331665,
    0.07675065845251083,
    0.09602523595094681,
    0.07136057317256927,
    0.12971501052379608,
    0.3790961802005768,
    0.09783702343702316,
    0.10342580080032349,
    0.07743053138256073,
    0.06897059828042984,
    0.1055707037448883,
    0.08287471532821655,
    0.12085488438606262,
    0.6472684144973755,
    0.641390323638916,
    0.6917309165000916,
    0.6782306432723999,
    0.6961023211479187,
    0.5874966979026794,
    0.6198019981384277,
    0.6382346153259277,
    0.45892247557640076,
    0.7577924132347107,
    0.5711147785186768,
    0.5607215762138367,
    0.6257224678993225,
    0.5779420137405396,
    0.5899734497070312,
    0.05780300870537758,
    0.5941532850265503,
    0.5478786826133728,
    0.39632609486579895,
    0.10162397474050522,
    0.34763869643211365,
    0.151781365275383,
    0.17399439215660095,
    0.16320893168449402,
    0.2689172923564911,
    0.2967369854450226,
    0.14720982313156128,
    0.8177690505981445,
    0.20331266522407532,
    0.16262204945087433,
    0.11697523295879364,
    0.23586590588092804,
    0.26335710287094116,
    0.5454018115997314,
    0.23569926619529724,
    0.07032560557126999,
    0.7124046087265015,
    0.12909294664859772,
    0.12620408833026886,
    0.11671165376901627,
    0.521311342716217,
    0.16495640575885773,
    0.26371121406555176,
    0.2842538356781006,
    0.2935090959072113,
    0.23243215680122375,
    0.523752748966217,
    0.35359638929367065,
    0.4747898280620575,
    0.3604581654071808,
    0.2666790783405304,
    0.6824755072593689,
    0.2651340961456299,
    0.21256522834300995,
    0.2014160007238388,
    0.2914940118789673,
    0.3468463718891144,
    0.1043161153793335,
    0.14961031079292297,
    0.17200689017772675
  ],
  "per_category_kld": {
    "harmless": 0.4630541503429413,
    "arithmetic": 0.16791503131389618,
    "logic": 0.1332775503396988,
    "code": 0.5520114898681641,
    "instruction": 0.26426148414611816,
    "factual": 0.308265745639801
  },
  "top_divergent": [
    {
      "prompt": "Explain how the internet works at a high level.",
      "category": "harmless",
      "kld": 1.0776784420013428
    },
    {
      "prompt": "Explain the water cycle in detail.",
      "category": "harmless",
      "kld": 0.9820311069488525
    },
    {
      "prompt": "Write a haiku about autumn.",
      "category": "instruction",
      "kld": 0.8177690505981445
    },
    {
      "prompt": "Explain the basics of machine learning.",
      "category": "harmless",
      "kld": 0.8001128435134888
    },
    {
      "prompt": "Explain the process of photosynthesis in plants.",
      "category": "harmless",
      "kld": 0.7843985557556152
    }
  ]
}