{
  "mean_kld": 1.5951331853866577,
  "median_kld": 1.5168428421020508,
  "max_kld": 3.0576610565185547,
  "n_prompts": 149,
  "n_tokens_scored": 3347,
  "per_prompt_kld": [
    2.073173999786377,
    1.8503360748291016,
    1.5076743364334106,
    1.7271173000335693,
    1.7441890239715576,
    1.5018234252929688,
    2.314690589904785,
    2.5465304851531982,
    1.6959941387176514,
    2.480154514312744,
    2.073214530944824,
    1.646064043045044,
    2.1445846557617188,
    2.438018798828125,
    1.1816184520721436,
    2.496457576751709,
    2.1406800746917725,
    1.7415119409561157,
    2.184537887573242,
    1.9632213115692139,
    2.0884289741516113,
    2.26772403717041,
    2.0796878337860107,
    1.7948455810546875,
    1.8559621572494507,
    2.6544923782348633,
    2.6147470474243164,
    1.8567767143249512,
    2.994098424911499,
    1.8006677627563477,
    2.0809895992279053,
    1.7997708320617676,
    1.570764183998108,
    3.0576610565185547,
    2.201188325881958,
    1.9096192121505737,
    2.2829174995422363,
    2.2982089519500732,
    2.185805082321167,
    2.4084954261779785,
    2.282636880874634,
    1.8458300828933716,
    2.854771137237549,
    2.386650800704956,
    1.6552455425262451,
    2.1906819343566895,
    3.008533239364624,
    1.7979074716567993,
    2.242300271987915,
    0.744247317314148,
    1.3113116025924683,
    1.2656030654907227,
    1.4178390502929688,
    0.905126690864563,
    1.0639928579330444,
    0.671778678894043,
    1.4477406740188599,
    0.7646013498306274,
    1.5978235006332397,
    0.7078332901000977,
    1.489950180053711,
    0.8868924975395203,
    0.7554218769073486,
    1.4934818744659424,
    1.6919164657592773,
    0.5095854997634888,
    1.3135502338409424,
    1.1180795431137085,
    0.8656749725341797,
    0.9567205309867859,
    0.9775250554084778,
    0.9562762975692749,
    0.7576946020126343,
    0.5612292885780334,
    1.4848270416259766,
    1.1749908924102783,
    0.922415018081665,
    0.8828468322753906,
    1.0334659814834595,
    0.903805136680603,
    1.329256534576416,
    1.1768442392349243,
    0.7046798467636108,
    0.8114355802536011,
    1.0167365074157715,
    0.8406239151954651,
    0.9681976437568665,
    1.0783205032348633,
    0.8297308087348938,
    1.3882774114608765,
    1.2308546304702759,
    1.9849711656570435,
    1.7355679273605347,
    1.4814947843551636,
    1.405163049697876,
    1.7627694606781006,
    2.090216875076294,
    1.4866570234298706,
    2.306980609893799,
    1.8171577453613281,
    1.0313351154327393,
    1.3451061248779297,
    1.4968067407608032,
    1.2472285032272339,
    1.1651419401168823,
    1.6985557079315186,
    1.3880646228790283,
    1.0297951698303223,
    1.1361876726150513,
    0.946109414100647,
    1.5313538312911987,
    1.6888401508331299,
    1.5084742307662964,
    1.1668264865875244,
    1.8931901454925537,
    1.1496045589447021,
    2.17803955078125,
    1.5215157270431519,
    1.2483054399490356,
    1.2306019067764282,
    0.6920533180236816,
    1.0416297912597656,
    2.3745083808898926,
    1.0354435443878174,
    0.8200435638427734,
    1.908927083015442,
    1.3214980363845825,
    1.5789450407028198,
    1.35573410987854,
    2.1108415126800537,
    1.3161344528198242,
    1.476928472518921,
    1.3964667320251465,
    1.192978858947754,
    1.7790236473083496,
    2.130467414855957,
    2.1744258403778076,
    1.6134079694747925,
    1.9430443048477173,
    1.3802887201309204,
    2.8043212890625,
    1.3131946325302124,
    1.5954487323760986,
    1.7989345788955688,
    2.443904161453247,
    1.5770779848098755,
    1.366907000541687,
    1.4151616096496582,
    1.5168428421020508
  ],
  "per_category_kld": {
    "harmless": 2.1126327514648438,
    "arithmetic": 1.101122498512268,
    "logic": 0.9683812260627747,
    "code": 1.5114166736602783,
    "instruction": 1.409582257270813,
    "factual": 1.7172901630401611
  },
  "top_divergent": [
    {
      "prompt": "Explain the periodic table of elements.",
      "category": "harmless",
      "kld": 3.0576610565185547
    },
    {
      "prompt": "What are the fundamentals of electrical circuits?",
      "category": "harmless",
      "kld": 3.008533239364624
    },
    {
      "prompt": "What are the fundamentals of graphic design?",
      "category": "harmless",
      "kld": 2.994098424911499
    },
    {
      "prompt": "Explain the process of democratic elections.",
      "category": "harmless",
      "kld": 2.854771137237549
    },
    {
      "prompt": "Explain the difference between RAM and ROM.",
      "category": "factual",
      "kld": 2.8043212890625
    }
  ]
}