{
  "mean_kld": 0.00335910776630044,
  "median_kld": 0.0027824928984045982,
  "max_kld": 0.009606029838323593,
  "n_prompts": 149,
  "n_tokens_scored": 3387,
  "per_prompt_kld": [
    0.005248989909887314,
    0.002914611017331481,
    0.002055618679150939,
    0.0019323808373883367,
    0.0015438857953995466,
    0.001792445662431419,
    0.001603165059350431,
    0.0024838943500071764,
    0.0022922088392078876,
    0.0022165514528751373,
    0.0038307562936097383,
    0.002332023810595274,
    0.005301955621689558,
    0.002088232198730111,
    0.002463000826537609,
    0.0029617652762681246,
    0.004864281974732876,
    0.0044802287593483925,
    0.003920310642570257,
    0.002408440224826336,
    0.002271601464599371,
    0.0041413395665585995,
    0.003535997122526169,
    0.009606029838323593,
    0.0021410291083157063,
    0.0017445177072659135,
    0.0028411322273314,
    0.005269581452012062,
    0.0012713848846033216,
    0.002435659058392048,
    0.00911802425980568,
    0.0013303718296810985,
    0.0032522331457585096,
    0.0015008163172751665,
    0.004468283150345087,
    0.0027345858979970217,
    0.0026560379192233086,
    0.003341514151543379,
    0.003051590407267213,
    0.0018482253653928638,
    0.0033626153599470854,
    0.0021004495210945606,
    0.0024329221341758966,
    0.0038186069577932358,
    0.00170831847935915,
    0.001713016303256154,
    0.0018973047845065594,
    0.003357449546456337,
    0.0023096702061593533,
    0.0026323238853365183,
    0.002075583441182971,
    0.0012535898713395,
    0.0021058518905192614,
    0.00666328938677907,
    0.001371512422338128,
    0.005764580797404051,
    0.0034913101699203253,
    0.0032263437751680613,
    0.001696640974842012,
    0.005132686346769333,
    0.0020686727948486805,
    0.0026133276987820864,
    0.0027824928984045982,
    0.0029601536225527525,
    0.0027756523340940475,
    0.0060020023956894875,
    0.0021462624426931143,
    0.005321851000189781,
    0.004591449163854122,
    0.002085533458739519,
    0.004192884545773268,
    0.004692690912634134,
    0.004989170469343662,
    0.002640592399984598,
    0.006224099081009626,
    0.005666740704327822,
    0.0045280782505869865,
    0.00361668411642313,
    0.0021360882092267275,
    0.0035334117710590363,
    0.0025144319515675306,
    0.0036276085302233696,
    0.005003976635634899,
    0.00158076046500355,
    0.002062085783109069,
    0.0040166000835597515,
    0.007838524878025055,
    0.004190636333078146,
    0.003046400612220168,
    0.004062280990183353,
    0.0023586489260196686,
    0.003941280301660299,
    0.004102195147424936,
    0.0018181940540671349,
    0.002951068338006735,
    0.0022794785909354687,
    0.00510469451546669,
    0.002676295582205057,
    0.007466853596270084,
    0.005732014775276184,
    0.00321081280708313,
    0.007347844075411558,
    0.002029094146564603,
    0.003697875887155533,
    0.002594692399725318,
    0.0026971339248120785,
    0.00270618568174541,
    0.004147240426391363,
    0.00198053615167737,
    0.003590766340494156,
    0.0014303504722192883,
    0.009282448329031467,
    0.0036569794174283743,
    0.0016594578046351671,
    0.0021593403071165085,
    0.005875397473573685,
    0.002046531531959772,
    0.004659895785152912,
    0.0030982019379734993,
    0.003341017058119178,
    0.004744459874927998,
    0.002414397429674864,
    0.0023893979378044605,
    0.008668558672070503,
    0.0036708528641611338,
    0.0021573102567344904,
    0.0016640782123431563,
    0.0046110618859529495,
    0.0028013538103550673,
    0.0028405003249645233,
    0.005925660487264395,
    0.0014647876378148794,
    0.009409576654434204,
    0.001103327376767993,
    0.0035316713619977236,
    0.001988266361877322,
    0.001691686687991023,
    0.006506989244371653,
    0.0013552854070439935,
    0.0019023508066311479,
    0.003789355279877782,
    0.0014529064064845443,
    0.0025874299462884665,
    0.001720273750834167,
    0.002336501842364669,
    0.0020124651491642,
    0.0015038121491670609,
    0.0013436567969620228,
    0.004356687888503075
  ],
  "per_category_kld": {
    "harmless": 0.0030611236579716206,
    "arithmetic": 0.0033337785862386227,
    "logic": 0.003909350372850895,
    "code": 0.003645220771431923,
    "instruction": 0.003696092637255788,
    "factual": 0.002941159764304757
  },
  "top_divergent": [
    {
      "prompt": "How does a solar panel generate electricity?",
      "category": "harmless",
      "kld": 0.009606029838323593
    },
    {
      "prompt": "What are the three branches of the US government?",
      "category": "factual",
      "kld": 0.009409576654434204
    },
    {
      "prompt": "Provide a 3-sentence summary of the causes of World War I.",
      "category": "instruction",
      "kld": 0.009282448329031467
    },
    {
      "prompt": "Explain the nitrogen cycle in ecology.",
      "category": "harmless",
      "kld": 0.00911802425980568
    },
    {
      "prompt": "Give the capital cities of France, Japan, Brazil, and Egypt.",
      "category": "instruction",
      "kld": 0.008668558672070503
    }
  ]
}