{
  "mean_kld": 0.3447277545928955,
  "median_kld": 0.2795698940753937,
  "max_kld": 1.0657777786254883,
  "n_prompts": 149,
  "n_tokens_scored": 3347,
  "per_prompt_kld": [
    0.49001869559288025,
    0.3612886667251587,
    0.2334376871585846,
    0.5292050838470459,
    0.3757927715778351,
    0.3031928539276123,
    0.7648823857307434,
    0.3586311936378479,
    0.2793427109718323,
    0.9528768062591553,
    0.61421138048172,
    0.26864728331565857,
    0.7879189848899841,
    0.44566622376441956,
    0.19533567130565643,
    0.8030855059623718,
    0.35076093673706055,
    0.17357568442821503,
    1.0657777786254883,
    0.3859049081802368,
    0.23921148478984833,
    0.7767583727836609,
    0.31887927651405334,
    0.1607614904642105,
    0.6240388751029968,
    0.637969970703125,
    0.4706292450428009,
    0.5807032585144043,
    0.4806769788265228,
    0.31234756112098694,
    0.7212041616439819,
    0.38107866048812866,
    0.1779281049966812,
    0.7446558475494385,
    0.28831949830055237,
    0.31782734394073486,
    0.401784211397171,
    0.43000373244285583,
    0.25474438071250916,
    0.7095986008644104,
    0.4747539460659027,
    0.2299218773841858,
    0.7219027876853943,
    0.4566371440887451,
    0.286990225315094,
    0.6349539756774902,
    0.44626548886299133,
    0.15506574511528015,
    0.5688536167144775,
    0.1101217046380043,
    0.3256743848323822,
    0.22617964446544647,
    0.16995356976985931,
    0.083550825715065,
    0.20923922955989838,
    0.1051149070262909,
    0.1903194785118103,
    0.10867739468812943,
    0.23268498480319977,
    0.12929165363311768,
    0.3466132581233978,
    0.09432424604892731,
    0.12679067254066467,
    0.12616212666034698,
    0.18708957731723785,
    0.18983682990074158,
    0.17254886031150818,
    0.12199511379003525,
    0.10547398030757904,
    0.13907349109649658,
    0.11814845353364944,
    0.11786512285470963,
    0.13541243970394135,
    0.16185322403907776,
    0.3148213326931,
    0.09935014694929123,
    0.13264527916908264,
    0.08315545320510864,
    0.10371394455432892,
    0.07482732832431793,
    0.1370224952697754,
    0.3821411728858948,
    0.09774073213338852,
    0.11676061153411865,
    0.07596318423748016,
    0.07428554445505142,
    0.11770261824131012,
    0.0828123465180397,
    0.12103308737277985,
    0.6704485416412354,
    0.6418107151985168,
    0.6769325137138367,
    0.6670907735824585,
    0.7027518153190613,
    0.5729449987411499,
    0.6198647618293762,
    0.6643484234809875,
    0.46258559823036194,
    0.757003903388977,
    0.5736298561096191,
    0.5435370802879333,
    0.6189253330230713,
    0.5969960689544678,
    0.6160645484924316,
    0.05873832479119301,
    0.6105583906173706,
    0.5501257181167603,
    0.4097161889076233,
    0.1031695008277893,
    0.3472777009010315,
    0.15608470141887665,
    0.1714029759168625,
    0.16794684529304504,
    0.2608445882797241,
    0.2926618158817291,
    0.1532822996377945,
    0.8311716318130493,
    0.21809843182563782,
    0.15052811801433563,
    0.12604156136512756,
    0.21782438457012177,
    0.27901721000671387,
    0.5390973091125488,
    0.22991053760051727,
    0.07195399701595306,
    0.6949114203453064,
    0.13221170008182526,
    0.1206495389342308,
    0.11613184213638306,
    0.5427701473236084,
    0.1674230843782425,
    0.2500289976596832,
    0.2795698940753937,
    0.28724393248558044,
    0.24734194576740265,
    0.5286378860473633,
    0.35119423270225525,
    0.4654662311077118,
    0.3696649968624115,
    0.24100105464458466,
    0.6965346336364746,
    0.2776637375354767,
    0.20511497557163239,
    0.20120136439800262,
    0.2886107265949249,
    0.35172608494758606,
    0.11763345450162888,
    0.14291641116142273,
    0.16640475392341614
  ],
  "per_category_kld": {
    "harmless": 0.4641636908054352,
    "arithmetic": 0.1680821180343628,
    "logic": 0.13431639969348907,
    "code": 0.5558621287345886,
    "instruction": 0.26385244727134705,
    "factual": 0.3089074194431305
  },
  "top_divergent": [
    {
      "prompt": "Explain how the internet works at a high level.",
      "category": "harmless",
      "kld": 1.0657777786254883
    },
    {
      "prompt": "Explain the water cycle in detail.",
      "category": "harmless",
      "kld": 0.9528768062591553
    },
    {
      "prompt": "Write a haiku about autumn.",
      "category": "instruction",
      "kld": 0.8311716318130493
    },
    {
      "prompt": "Explain the basics of machine learning.",
      "category": "harmless",
      "kld": 0.8030855059623718
    },
    {
      "prompt": "Explain the process of photosynthesis in plants.",
      "category": "harmless",
      "kld": 0.7879189848899841
    }
  ]
}