{
  "mean_kld": 0.37715524435043335,
  "median_kld": 0.3306327164173126,
  "max_kld": 1.0292593240737915,
  "n_prompts": 149,
  "n_tokens_scored": 3347,
  "per_prompt_kld": [
    0.5774209499359131,
    0.40339237451553345,
    0.32066085934638977,
    0.5316863656044006,
    0.4678772985935211,
    0.36283379793167114,
    0.7249994874000549,
    0.45771199464797974,
    0.39898961782455444,
    1.0292593240737915,
    0.5389017462730408,
    0.2720699608325958,
    0.9533134698867798,
    0.3432866930961609,
    0.5438135266304016,
    0.9731420278549194,
    0.349157452583313,
    0.3670347034931183,
    0.9856105446815491,
    0.5066608786582947,
    0.3678937256336212,
    0.7672634124755859,
    0.3707379996776581,
    0.29107895493507385,
    0.6249359250068665,
    0.547944188117981,
    0.4958155155181885,
    0.5310949087142944,
    0.4897891879081726,
    0.33954060077667236,
    0.757032573223114,
    0.43401217460632324,
    0.36503157019615173,
    0.8008980751037598,
    0.32654887437820435,
    0.6246200203895569,
    0.38858747482299805,
    0.5238643288612366,
    0.2691097855567932,
    0.6795651912689209,
    0.4118063151836395,
    0.25874587893486023,
    0.754377543926239,
    0.5113011002540588,
    0.4024985134601593,
    0.6658447980880737,
    0.4446956515312195,
    0.2763157784938812,
    0.6172221302986145,
    0.1366887092590332,
    0.4791691303253174,
    0.40787312388420105,
    0.23656253516674042,
    0.09068979322910309,
    0.23447836935520172,
    0.1725836992263794,
    0.23206667602062225,
    0.16774795949459076,
    0.2662297785282135,
    0.11839333921670914,
    0.3714159429073334,
    0.19559305906295776,
    0.1503436416387558,
    0.1549205332994461,
    0.1864660531282425,
    0.2690935432910919,
    0.23931726813316345,
    0.12587210536003113,
    0.13008935749530792,
    0.17303919792175293,
    0.20746329426765442,
    0.19164350628852844,
    0.27787306904792786,
    0.1570924073457718,
    0.3084675073623657,
    0.213784322142601,
    0.19441211223602295,
    0.16152465343475342,
    0.31968820095062256,
    0.20148418843746185,
    0.24097469449043274,
    0.3090003728866577,
    0.15256358683109283,
    0.20953579246997833,
    0.10170815885066986,
    0.09287174046039581,
    0.12742961943149567,
    0.12977321445941925,
    0.21684372425079346,
    0.6792018413543701,
    0.5460824966430664,
    0.7189571261405945,
    0.6011439561843872,
    0.6569053530693054,
    0.5129497051239014,
    0.7181384563446045,
    0.657471239566803,
    0.45807069540023804,
    0.6819683909416199,
    0.553443431854248,
    0.5329931378364563,
    0.5438840985298157,
    0.555267333984375,
    0.5328354835510254,
    0.086521677672863,
    0.561918318271637,
    0.5024589896202087,
    0.4877084493637085,
    0.13273738324642181,
    0.19472983479499817,
    0.2672370374202728,
    0.25299185514450073,
    0.23053865134716034,
    0.3332156538963318,
    0.3306327164173126,
    0.13496607542037964,
    0.7398210763931274,
    0.15013425052165985,
    0.2342318743467331,
    0.17996546626091003,
    0.26995134353637695,
    0.2734905183315277,
    0.4946754574775696,
    0.22529663145542145,
    0.10069539397954941,
    0.7385798692703247,
    0.21510201692581177,
    0.10417851060628891,
    0.14297428727149963,
    0.23460868000984192,
    0.15424154698848724,
    0.22426477074623108,
    0.408606618642807,
    0.2559487819671631,
    0.256314218044281,
    0.4743863642215729,
    0.653567910194397,
    0.37914523482322693,
    0.39597660303115845,
    0.1662796288728714,
    0.6765934824943542,
    0.2418566197156906,
    0.29150938987731934,
    0.2219758778810501,
    0.34524232149124146,
    0.26791808009147644,
    0.09942205250263214,
    0.15602989494800568,
    0.15941807627677917
  ],
  "per_category_kld": {
    "harmless": 0.5193060040473938,
    "arithmetic": 0.21827974915504456,
    "logic": 0.19935867190361023,
    "code": 0.5360329151153564,
    "instruction": 0.2806704342365265,
    "factual": 0.3031653165817261
  },
  "top_divergent": [
    {
      "prompt": "Explain the water cycle in detail.",
      "category": "harmless",
      "kld": 1.0292593240737915
    },
    {
      "prompt": "Explain how the internet works at a high level.",
      "category": "harmless",
      "kld": 0.9856105446815491
    },
    {
      "prompt": "Explain the basics of machine learning.",
      "category": "harmless",
      "kld": 0.9731420278549194
    },
    {
      "prompt": "Explain the process of photosynthesis in plants.",
      "category": "harmless",
      "kld": 0.9533134698867798
    },
    {
      "prompt": "Explain the periodic table of elements.",
      "category": "harmless",
      "kld": 0.8008980751037598
    }
  ]
}