{
  "mean_kld": 0.3409995138645172,
  "median_kld": 0.28435665369033813,
  "max_kld": 1.0439496040344238,
  "n_prompts": 149,
  "n_tokens_scored": 3347,
  "per_prompt_kld": [
    0.47309067845344543,
    0.3452813923358917,
    0.22583766281604767,
    0.5304226279258728,
    0.40060412883758545,
    0.295841246843338,
    0.7478897571563721,
    0.3198966383934021,
    0.280130535364151,
    0.8862894177436829,
    0.47285133600234985,
    0.23766006529331207,
    0.7860131859779358,
    0.30773428082466125,
    0.29913467168807983,
    0.7839668989181519,
    0.34187328815460205,
    0.22978852689266205,
    1.0439496040344238,
    0.38762784004211426,
    0.28151729702949524,
    0.6960850358009338,
    0.3304331600666046,
    0.18488956987857819,
    0.6320345401763916,
    0.5176670551300049,
    0.509046196937561,
    0.5562801361083984,
    0.42470860481262207,
    0.2698681652545929,
    0.7128973603248596,
    0.3974590003490448,
    0.2738426923751831,
    0.7039597630500793,
    0.26003795862197876,
    0.3727235496044159,
    0.3073470890522003,
    0.5484622716903687,
    0.26093003153800964,
    0.6648095846176147,
    0.382114052772522,
    0.20901410281658173,
    0.6869438290596008,
    0.496205598115921,
    0.3355686366558075,
    0.6032553911209106,
    0.38259193301200867,
    0.2274060696363449,
    0.5929911136627197,
    0.12782740592956543,
    0.40705564618110657,
    0.28435665369033813,
    0.23730017244815826,
    0.08990002423524857,
    0.2336633950471878,
    0.11332643032073975,
    0.20739324390888214,
    0.14568325877189636,
    0.23909242451190948,
    0.17190250754356384,
    0.36034706234931946,
    0.1469942033290863,
    0.17340782284736633,
    0.14892816543579102,
    0.22334732115268707,
    0.3836635649204254,
    0.18945905566215515,
    0.1294160783290863,
    0.13827328383922577,
    0.17224566638469696,
    0.14433549344539642,
    0.1295204907655716,
    0.18885783851146698,
    0.15872716903686523,
    0.35604381561279297,
    0.13484695553779602,
    0.19563499093055725,
    0.15843695402145386,
    0.23346859216690063,
    0.13277249038219452,
    0.176157608628273,
    0.3722513020038605,
    0.11694618314504623,
    0.1646711379289627,
    0.07710959762334824,
    0.08683221787214279,
    0.13016174733638763,
    0.12307979166507721,
    0.17509420216083527,
    0.6470884680747986,
    0.5712313652038574,
    0.6832661628723145,
    0.5807585120201111,
    0.625678300857544,
    0.4956558048725128,
    0.6516539454460144,
    0.6134135723114014,
    0.44869139790534973,
    0.6432988047599792,
    0.49828046560287476,
    0.48185670375823975,
    0.5197852253913879,
    0.5012195706367493,
    0.4721943140029907,
    0.0718039721250534,
    0.49234676361083984,
    0.48563873767852783,
    0.4241512417793274,
    0.12314262241125107,
    0.3366641700267792,
    0.1433590054512024,
    0.1518000364303589,
    0.13263654708862305,
    0.33048346638679504,
    0.38052690029144287,
    0.15097545087337494,
    0.7625601887702942,
    0.18608179688453674,
    0.15176774561405182,
    0.16455677151679993,
    0.24098818004131317,
    0.3119589686393738,
    0.6447807550430298,
    0.24509021639823914,
    0.07155846059322357,
    0.6416807770729065,
    0.156035378575325,
    0.09971817582845688,
    0.11723272502422333,
    0.2827577590942383,
    0.1762140989303589,
    0.24403220415115356,
    0.29677802324295044,
    0.2460707575082779,
    0.2561302185058594,
    0.5298981070518494,
    0.3562029302120209,
    0.33940210938453674,
    0.28183358907699585,
    0.16106434166431427,
    0.6545096039772034,
    0.25414925813674927,
    0.19861885905265808,
    0.21747975051403046,
    0.31053367257118225,
    0.30806294083595276,
    0.11677562445402145,
    0.16389909386634827,
    0.16739679872989655
  ],
  "per_category_kld": {
    "harmless": 0.4534076452255249,
    "arithmetic": 0.20756688714027405,
    "logic": 0.17135971784591675,
    "code": 0.5015578269958496,
    "instruction": 0.2710227966308594,
    "factual": 0.2780904769897461
  },
  "top_divergent": [
    {
      "prompt": "Explain how the internet works at a high level.",
      "category": "harmless",
      "kld": 1.0439496040344238
    },
    {
      "prompt": "Explain the water cycle in detail.",
      "category": "harmless",
      "kld": 0.8862894177436829
    },
    {
      "prompt": "Explain the process of photosynthesis in plants.",
      "category": "harmless",
      "kld": 0.7860131859779358
    },
    {
      "prompt": "Explain the basics of machine learning.",
      "category": "harmless",
      "kld": 0.7839668989181519
    },
    {
      "prompt": "Write a haiku about autumn.",
      "category": "instruction",
      "kld": 0.7625601887702942
    }
  ]
}