{
  "mean_kld": 0.43234044313430786,
  "median_kld": 0.3811675012111664,
  "max_kld": 1.162905216217041,
  "n_prompts": 149,
  "n_tokens_scored": 3347,
  "per_prompt_kld": [
    0.6105391979217529,
    0.6607712507247925,
    0.3811675012111664,
    0.5932285785675049,
    0.6852723956108093,
    0.36905741691589355,
    0.9196352362632751,
    0.5588672757148743,
    0.3978656828403473,
    1.0471265316009521,
    0.7650500535964966,
    0.4601949453353882,
    0.8756765127182007,
    0.6184011101722717,
    0.33996930718421936,
    0.9102917909622192,
    0.6679229736328125,
    0.3093336522579193,
    1.162905216217041,
    0.5455870032310486,
    0.32453352212905884,
    0.7956975698471069,
    0.5092132091522217,
    0.20808197557926178,
    0.7013931274414062,
    0.7912943363189697,
    0.7010072469711304,
    0.6830217242240906,
    0.7659956812858582,
    0.36288225650787354,
    0.7378023266792297,
    0.6399840712547302,
    0.3604612648487091,
    0.8562263250350952,
    0.47287675738334656,
    0.5077483654022217,
    0.4323609173297882,
    0.7733667492866516,
    0.3807833194732666,
    0.7627295255661011,
    0.676880419254303,
    0.329023152589798,
    0.8178496360778809,
    0.6902886629104614,
    0.41082513332366943,
    0.7680544257164001,
    0.7463897466659546,
    0.3222464621067047,
    0.6292147636413574,
    0.15671664476394653,
    0.3959859311580658,
    0.33868318796157837,
    0.23348040878772736,
    0.14385567605495453,
    0.2620895504951477,
    0.14718332886695862,
    0.2689116299152374,
    0.2450350522994995,
    0.28141191601753235,
    0.16575972735881805,
    0.4971328377723694,
    0.14449714124202728,
    0.1666000634431839,
    0.18983705341815948,
    0.2179456651210785,
    0.20516613125801086,
    0.24429893493652344,
    0.13267958164215088,
    0.13074350357055664,
    0.15203289687633514,
    0.19258315861225128,
    0.183976411819458,
    0.15360896289348602,
    0.18680348992347717,
    0.352751761674881,
    0.15995019674301147,
    0.14974771440029144,
    0.1175173819065094,
    0.14137427508831024,
    0.12551504373550415,
    0.15339599549770355,
    0.44554537534713745,
    0.13566288352012634,
    0.1366935521364212,
    0.11205780506134033,
    0.11317504942417145,
    0.13406404852867126,
    0.1255217045545578,
    0.1981612592935562,
    0.776239812374115,
    0.713042140007019,
    0.7425990104675293,
    0.7572839856147766,
    0.726956307888031,
    0.6013737916946411,
    0.6907691955566406,
    0.7710927128791809,
    0.52493816614151,
    0.8808835744857788,
    0.6044776439666748,
    0.5792930722236633,
    0.6770129203796387,
    0.5959702730178833,
    0.6121723055839539,
    0.084742471575737,
    0.5824105739593506,
    0.5857912302017212,
    0.45009222626686096,
    0.11530668288469315,
    0.45443758368492126,
    0.22871357202529907,
    0.23710541427135468,
    0.18217609822750092,
    0.43327686190605164,
    0.4157734215259552,
    0.22231468558311462,
    0.8142737150192261,
    0.3278293013572693,
    0.18452851474285126,
    0.1577702760696411,
    0.18752025067806244,
    0.34782594442367554,
    0.5314265489578247,
    0.24589236080646515,
    0.0909135565161705,
    0.7246325612068176,
    0.13781550526618958,
    0.1512233316898346,
    0.12873655557632446,
    0.34532421827316284,
    0.23588819801807404,
    0.3509642481803894,
    0.4079616367816925,
    0.3619776666164398,
    0.4508817195892334,
    0.6285334825515747,
    0.5235924124717712,
    0.6735774278640747,
    0.48362383246421814,
    0.21975195407867432,
    0.8124296069145203,
    0.3462360203266144,
    0.35702967643737793,
    0.3287256360054016,
    0.5920025706291199,
    0.3866150379180908,
    0.1535285860300064,
    0.2032424360513687,
    0.20495153963565826
  ],
  "per_category_kld": {
    "harmless": 0.6130019426345825,
    "arithmetic": 0.22840070724487305,
    "logic": 0.1735069453716278,
    "code": 0.603622317314148,
    "instruction": 0.3102092742919922,
    "factual": 0.4033419191837311
  },
  "top_divergent": [
    {
      "prompt": "Explain how the internet works at a high level.",
      "category": "harmless",
      "kld": 1.162905216217041
    },
    {
      "prompt": "Explain the water cycle in detail.",
      "category": "harmless",
      "kld": 1.0471265316009521
    },
    {
      "prompt": "Explain the difference between DNA and RNA.",
      "category": "harmless",
      "kld": 0.9196352362632751
    },
    {
      "prompt": "Explain the basics of machine learning.",
      "category": "harmless",
      "kld": 0.9102917909622192
    },
    {
      "prompt": "Write a regex to match valid email addresses.",
      "category": "code",
      "kld": 0.8808835744857788
    }
  ]
}